pokemon_id,region_id,pokemon_name,region_name
1,31,bulbasaur,lets-go-pikachu
1,3,bulbasaur,yellow
1,1,bulbasaur,red
1,15,bulbasaur,heartgold
1,23,bulbasaur,x
1,44,bulbasaur,red-japan
1,32,bulbasaur,lets-go-eevee
1,50,bulbasaur,the-isle-of-armor-shield
1,2,bulbasaur,blue
1,35,bulbasaur,the-isle-of-armor-sword
1,45,bulbasaur,green-japan
1,10,bulbasaur,firered
1,30,bulbasaur,ultra-moon
1,24,bulbasaur,y
1,29,bulbasaur,ultra-sun
1,16,bulbasaur,soulsilver
1,11,bulbasaur,leafgreen
2,23,ivysaur,x
2,24,ivysaur,y
2,36,ivysaur,the-crown-tundra-sword
2,51,ivysaur,the-crown-tundra-shield
3,50,venusaur,the-isle-of-armor-shield
3,35,venusaur,the-isle-of-armor-sword
4,31,charmander,lets-go-pikachu
4,1,charmander,red
4,15,charmander,heartgold
4,3,charmander,yellow
4,23,charmander,x
4,33,charmander,sword
4,34,charmander,shield
4,44,charmander,red-japan
4,32,charmander,lets-go-eevee
4,2,charmander,blue
4,45,charmander,green-japan
4,10,charmander,firered
4,30,charmander,ultra-moon
4,24,charmander,y
4,29,charmander,ultra-sun
4,16,charmander,soulsilver
4,11,charmander,leafgreen
5,23,charmeleon,x
5,33,charmeleon,sword
5,34,charmeleon,shield
5,24,charmeleon,y
5,36,charmeleon,the-crown-tundra-sword
5,51,charmeleon,the-crown-tundra-shield
6,31,charizard,lets-go-pikachu
6,33,charizard,sword
6,34,charizard,shield
6,32,charizard,lets-go-eevee
6,50,charizard,the-isle-of-armor-shield
6,35,charizard,the-isle-of-armor-sword
7,31,squirtle,lets-go-pikachu
7,3,squirtle,yellow
7,1,squirtle,red
7,15,squirtle,heartgold
7,23,squirtle,x
7,44,squirtle,red-japan
7,32,squirtle,lets-go-eevee
7,50,squirtle,the-isle-of-armor-shield
7,2,squirtle,blue
7,35,squirtle,the-isle-of-armor-sword
7,45,squirtle,green-japan
7,10,squirtle,firered
7,30,squirtle,ultra-moon
7,24,squirtle,y
7,29,squirtle,ultra-sun
7,16,squirtle,soulsilver
7,11,squirtle,leafgreen
8,23,wartortle,x
8,24,wartortle,y
8,36,wartortle,the-crown-tundra-sword
8,51,wartortle,the-crown-tundra-shield
9,50,blastoise,the-isle-of-armor-shield
9,35,blastoise,the-isle-of-armor-sword
10,27,caterpie,sun
10,44,caterpie,red-japan
10,32,caterpie,lets-go-eevee
10,2,caterpie,blue
10,11,caterpie,leafgreen
10,1,caterpie,red
10,45,caterpie,green-japan
10,14,caterpie,platinum
10,24,caterpie,y
10,13,caterpie,pearl
10,30,caterpie,ultra-moon
10,12,caterpie,diamond
10,31,caterpie,lets-go-pikachu
10,3,caterpie,yellow
10,15,caterpie,heartgold
10,23,caterpie,x
10,33,caterpie,sword
10,4,caterpie,gold
10,34,caterpie,shield
10,28,caterpie,moon
10,6,caterpie,crystal
10,10,caterpie,firered
10,29,caterpie,ultra-sun
10,16,caterpie,soulsilver
11,27,metapod,sun
11,44,metapod,red-japan
11,32,metapod,lets-go-eevee
11,2,metapod,blue
11,11,metapod,leafgreen
11,1,metapod,red
11,45,metapod,green-japan
11,14,metapod,platinum
11,24,metapod,y
11,18,metapod,white
11,13,metapod,pearl
11,30,metapod,ultra-moon
11,12,metapod,diamond
11,31,metapod,lets-go-pikachu
11,3,metapod,yellow
11,15,metapod,heartgold
11,33,metapod,sword
11,34,metapod,shield
11,4,metapod,gold
11,28,metapod,moon
11,6,metapod,crystal
11,10,metapod,firered
11,29,metapod,ultra-sun
11,16,metapod,soulsilver
12,31,butterfree,lets-go-pikachu
12,15,butterfree,heartgold
12,33,butterfree,sword
12,34,butterfree,shield
12,4,butterfree,gold
12,23,butterfree,x
12,27,butterfree,sun
12,29,butterfree,ultra-sun
12,18,butterfree,white
12,28,butterfree,moon
12,6,butterfree,crystal
12,30,butterfree,ultra-moon
12,20,butterfree,xd
12,24,butterfree,y
12,36,butterfree,the-crown-tundra-sword
12,22,butterfree,white-2
12,16,butterfree,soulsilver
12,51,butterfree,the-crown-tundra-shield
13,31,weedle,lets-go-pikachu
13,1,weedle,red
13,15,weedle,heartgold
13,23,weedle,x
13,44,weedle,red-japan
13,32,weedle,lets-go-eevee
13,2,weedle,blue
13,5,weedle,silver
13,45,weedle,green-japan
13,14,weedle,platinum
13,6,weedle,crystal
13,13,weedle,pearl
13,10,weedle,firered
13,12,weedle,diamond
13,24,weedle,y
13,16,weedle,soulsilver
13,11,weedle,leafgreen
14,31,kakuna,lets-go-pikachu
14,1,kakuna,red
14,15,kakuna,heartgold
14,23,kakuna,x
14,44,kakuna,red-japan
14,32,kakuna,lets-go-eevee
14,2,kakuna,blue
14,5,kakuna,silver
14,45,kakuna,green-japan
14,14,kakuna,platinum
14,13,kakuna,pearl
14,6,kakuna,crystal
14,10,kakuna,firered
14,17,kakuna,black
14,12,kakuna,diamond
14,24,kakuna,y
14,16,kakuna,soulsilver
14,11,kakuna,leafgreen
15,15,beedrill,heartgold
15,32,beedrill,lets-go-eevee
15,5,beedrill,silver
15,6,beedrill,crystal
15,21,beedrill,black-2
15,30,beedrill,ultra-moon
15,20,beedrill,xd
15,29,beedrill,ultra-sun
15,16,beedrill,soulsilver
15,17,beedrill,black
16,44,pidgey,red-japan
16,32,pidgey,lets-go-eevee
16,2,pidgey,blue
16,11,pidgey,leafgreen
16,1,pidgey,red
16,5,pidgey,silver
16,45,pidgey,green-japan
16,14,pidgey,platinum
16,24,pidgey,y
16,13,pidgey,pearl
16,12,pidgey,diamond
16,31,pidgey,lets-go-pikachu
16,3,pidgey,yellow
16,15,pidgey,heartgold
16,23,pidgey,x
16,4,pidgey,gold
16,6,pidgey,crystal
16,10,pidgey,firered
16,16,pidgey,soulsilver
17,31,pidgeotto,lets-go-pikachu
17,3,pidgeotto,yellow
17,15,pidgeotto,heartgold
17,1,pidgeotto,red
17,4,pidgeotto,gold
17,44,pidgeotto,red-japan
17,32,pidgeotto,lets-go-eevee
17,2,pidgeotto,blue
17,5,pidgeotto,silver
17,45,pidgeotto,green-japan
17,6,pidgeotto,crystal
17,10,pidgeotto,firered
17,20,pidgeotto,xd
17,16,pidgeotto,soulsilver
17,11,pidgeotto,leafgreen
18,31,pidgeot,lets-go-pikachu
18,32,pidgeot,lets-go-eevee
18,29,pidgeot,ultra-sun
18,30,pidgeot,ultra-moon
19,44,rattata,red-japan
19,32,rattata,lets-go-eevee
19,2,rattata,blue
19,21,rattata,black-2
19,11,rattata,leafgreen
19,1,rattata,red
19,5,rattata,silver
19,45,rattata,green-japan
19,14,rattata,platinum
19,22,rattata,white-2
19,13,rattata,pearl
19,30,rattata,ultra-moon
19,12,rattata,diamond
19,31,rattata,lets-go-pikachu
19,3,rattata,yellow
19,15,rattata,heartgold
19,4,rattata,gold
19,6,rattata,crystal
19,10,rattata,firered
19,29,rattata,ultra-sun
19,16,rattata,soulsilver
20,44,raticate,red-japan
20,32,raticate,lets-go-eevee
20,2,raticate,blue
20,21,raticate,black-2
20,17,raticate,black
20,11,raticate,leafgreen
20,1,raticate,red
20,5,raticate,silver
20,45,raticate,green-japan
20,14,raticate,platinum
20,22,raticate,white-2
20,18,raticate,white
20,13,raticate,pearl
20,30,raticate,ultra-moon
20,12,raticate,diamond
20,31,raticate,lets-go-pikachu
20,3,raticate,yellow
20,15,raticate,heartgold
20,4,raticate,gold
20,6,raticate,crystal
20,10,raticate,firered
20,20,raticate,xd
20,16,raticate,soulsilver
21,27,spearow,sun
21,44,spearow,red-japan
21,32,spearow,lets-go-eevee
21,2,spearow,blue
21,11,spearow,leafgreen
21,1,spearow,red
21,5,spearow,silver
21,45,spearow,green-japan
21,14,spearow,platinum
21,24,spearow,y
21,13,spearow,pearl
21,30,spearow,ultra-moon
21,12,spearow,diamond
21,20,spearow,xd
21,31,spearow,lets-go-pikachu
21,3,spearow,yellow
21,15,spearow,heartgold
21,23,spearow,x
21,4,spearow,gold
21,28,spearow,moon
21,6,spearow,crystal
21,10,spearow,firered
21,29,spearow,ultra-sun
21,16,spearow,soulsilver
22,27,fearow,sun
22,44,fearow,red-japan
22,32,fearow,lets-go-eevee
22,2,fearow,blue
22,17,fearow,black
22,11,fearow,leafgreen
22,1,fearow,red
22,5,fearow,silver
22,45,fearow,green-japan
22,14,fearow,platinum
22,24,fearow,y
22,18,fearow,white
22,13,fearow,pearl
22,30,fearow,ultra-moon
22,12,fearow,diamond
22,31,fearow,lets-go-pikachu
22,3,fearow,yellow
22,15,fearow,heartgold
22,23,fearow,x
22,4,fearow,gold
22,28,fearow,moon
22,6,fearow,crystal
22,10,fearow,firered
22,29,fearow,ultra-sun
22,16,fearow,soulsilver
23,1,ekans,red
23,23,ekans,x
23,15,ekans,heartgold
23,4,ekans,gold
23,44,ekans,red-japan
23,32,ekans,lets-go-eevee
23,5,ekans,silver
23,14,ekans,platinum
23,6,ekans,crystal
23,13,ekans,pearl
23,10,ekans,firered
23,30,ekans,ultra-moon
23,12,ekans,diamond
23,24,ekans,y
23,29,ekans,ultra-sun
23,16,ekans,soulsilver
24,1,arbok,red
24,23,arbok,x
24,15,arbok,heartgold
24,44,arbok,red-japan
24,5,arbok,silver
24,14,arbok,platinum
24,6,arbok,crystal
24,13,arbok,pearl
24,10,arbok,firered
24,30,arbok,ultra-moon
24,12,arbok,diamond
24,24,arbok,y
24,29,arbok,ultra-sun
24,20,arbok,xd
24,16,arbok,soulsilver
25,27,pikachu,sun
25,44,pikachu,red-japan
25,32,pikachu,lets-go-eevee
25,2,pikachu,blue
25,46,pikachu,blue-japan
25,11,pikachu,leafgreen
25,1,pikachu,red
25,25,pikachu,omega-ruby
25,50,pikachu,the-isle-of-armor-shield
25,5,pikachu,silver
25,45,pikachu,green-japan
25,14,pikachu,platinum
25,7,pikachu,ruby
25,24,pikachu,y
25,35,pikachu,the-isle-of-armor-sword
25,13,pikachu,pearl
25,30,pikachu,ultra-moon
25,12,pikachu,diamond
25,31,pikachu,lets-go-pikachu
25,3,pikachu,yellow
25,15,pikachu,heartgold
25,23,pikachu,x
25,33,pikachu,sword
25,4,pikachu,gold
25,34,pikachu,shield
25,9,pikachu,emerald
25,28,pikachu,moon
25,6,pikachu,crystal
25,26,pikachu,alpha-sapphire
25,10,pikachu,firered
25,8,pikachu,sapphire
25,29,pikachu,ultra-sun
25,16,pikachu,soulsilver
26,1,raichu,red
26,33,raichu,sword
26,34,raichu,shield
26,44,raichu,red-japan
26,50,raichu,the-isle-of-armor-shield
26,2,raichu,blue
26,35,raichu,the-isle-of-armor-sword
26,45,raichu,green-japan
26,36,raichu,the-crown-tundra-sword
26,51,raichu,the-crown-tundra-shield
27,2,sandshrew,blue
27,21,sandshrew,black-2
27,11,sandshrew,leafgreen
27,25,sandshrew,omega-ruby
27,50,sandshrew,the-isle-of-armor-shield
27,5,sandshrew,silver
27,45,sandshrew,green-japan
27,14,sandshrew,platinum
27,7,sandshrew,ruby
27,24,sandshrew,y
27,22,sandshrew,white-2
27,35,sandshrew,the-isle-of-armor-sword
27,13,sandshrew,pearl
27,12,sandshrew,diamond
27,31,sandshrew,lets-go-pikachu
27,3,sandshrew,yellow
27,15,sandshrew,heartgold
27,23,sandshrew,x
27,4,sandshrew,gold
27,9,sandshrew,emerald
27,6,sandshrew,crystal
27,26,sandshrew,alpha-sapphire
27,8,sandshrew,sapphire
27,20,sandshrew,xd
27,16,sandshrew,soulsilver
28,2,sandslash,blue
28,21,sandslash,black-2
28,36,sandslash,the-crown-tundra-sword
28,17,sandslash,black
28,11,sandslash,leafgreen
28,50,sandslash,the-isle-of-armor-shield
28,45,sandslash,green-japan
28,14,sandslash,platinum
28,24,sandslash,y
28,22,sandslash,white-2
28,18,sandslash,white
28,35,sandslash,the-isle-of-armor-sword
28,13,sandslash,pearl
28,12,sandslash,diamond
28,3,sandslash,yellow
28,15,sandslash,heartgold
28,23,sandslash,x
28,4,sandslash,gold
28,6,sandslash,crystal
28,16,sandslash,soulsilver
28,51,sandslash,the-crown-tundra-shield
29,44,nidoran-f,red-japan
29,32,nidoran-f,lets-go-eevee
29,2,nidoran-f,blue
29,36,nidoran-f,the-crown-tundra-sword
29,21,nidoran-f,black-2
29,11,nidoran-f,leafgreen
29,1,nidoran-f,red
29,5,nidoran-f,silver
29,45,nidoran-f,green-japan
29,14,nidoran-f,platinum
29,24,nidoran-f,y
29,22,nidoran-f,white-2
29,13,nidoran-f,pearl
29,12,nidoran-f,diamond
29,31,nidoran-f,lets-go-pikachu
29,3,nidoran-f,yellow
29,15,nidoran-f,heartgold
29,23,nidoran-f,x
29,4,nidoran-f,gold
29,6,nidoran-f,crystal
29,10,nidoran-f,firered
29,16,nidoran-f,soulsilver
29,51,nidoran-f,the-crown-tundra-shield
30,44,nidorina,red-japan
30,32,nidorina,lets-go-eevee
30,2,nidorina,blue
30,36,nidorina,the-crown-tundra-sword
30,11,nidorina,leafgreen
30,1,nidorina,red
30,5,nidorina,silver
30,45,nidorina,green-japan
30,14,nidorina,platinum
30,24,nidorina,y
30,13,nidorina,pearl
30,12,nidorina,diamond
30,31,nidorina,lets-go-pikachu
30,3,nidorina,yellow
30,15,nidorina,heartgold
30,23,nidorina,x
30,4,nidorina,gold
30,6,nidorina,crystal
30,10,nidorina,firered
30,16,nidorina,soulsilver
30,51,nidorina,the-crown-tundra-shield
31,31,nidoqueen,lets-go-pikachu
31,32,nidoqueen,lets-go-eevee
31,36,nidoqueen,the-crown-tundra-sword
31,51,nidoqueen,the-crown-tundra-shield
32,44,nidoran-m,red-japan
32,32,nidoran-m,lets-go-eevee
32,2,nidoran-m,blue
32,36,nidoran-m,the-crown-tundra-sword
32,21,nidoran-m,black-2
32,11,nidoran-m,leafgreen
32,1,nidoran-m,red
32,5,nidoran-m,silver
32,45,nidoran-m,green-japan
32,14,nidoran-m,platinum
32,24,nidoran-m,y
32,22,nidoran-m,white-2
32,13,nidoran-m,pearl
32,12,nidoran-m,diamond
32,31,nidoran-m,lets-go-pikachu
32,3,nidoran-m,yellow
32,15,nidoran-m,heartgold
32,23,nidoran-m,x
32,4,nidoran-m,gold
32,6,nidoran-m,crystal
32,10,nidoran-m,firered
32,16,nidoran-m,soulsilver
32,51,nidoran-m,the-crown-tundra-shield
33,44,nidorino,red-japan
33,32,nidorino,lets-go-eevee
33,2,nidorino,blue
33,36,nidorino,the-crown-tundra-sword
33,11,nidorino,leafgreen
33,1,nidorino,red
33,5,nidorino,silver
33,45,nidorino,green-japan
33,14,nidorino,platinum
33,24,nidorino,y
33,13,nidorino,pearl
33,12,nidorino,diamond
33,31,nidorino,lets-go-pikachu
33,3,nidorino,yellow
33,15,nidorino,heartgold
33,23,nidorino,x
33,4,nidorino,gold
33,6,nidorino,crystal
33,10,nidorino,firered
33,16,nidorino,soulsilver
33,51,nidorino,the-crown-tundra-shield
34,31,nidoking,lets-go-pikachu
34,32,nidoking,lets-go-eevee
34,36,nidoking,the-crown-tundra-sword
34,51,nidoking,the-crown-tundra-shield
35,27,clefairy,sun
35,44,clefairy,red-japan
35,32,clefairy,lets-go-eevee
35,2,clefairy,blue
35,21,clefairy,black-2
35,36,clefairy,the-crown-tundra-sword
35,11,clefairy,leafgreen
35,17,clefairy,black
35,1,clefairy,red
35,50,clefairy,the-isle-of-armor-shield
35,5,clefairy,silver
35,45,clefairy,green-japan
35,14,clefairy,platinum
35,24,clefairy,y
35,22,clefairy,white-2
35,18,clefairy,white
35,35,clefairy,the-isle-of-armor-sword
35,13,clefairy,pearl
35,30,clefairy,ultra-moon
35,12,clefairy,diamond
35,31,clefairy,lets-go-pikachu
35,3,clefairy,yellow
35,15,clefairy,heartgold
35,33,clefairy,sword
35,34,clefairy,shield
35,4,clefairy,gold
35,23,clefairy,x
35,28,clefairy,moon
35,6,clefairy,crystal
35,10,clefairy,firered
35,29,clefairy,ultra-sun
35,16,clefairy,soulsilver
35,51,clefairy,the-crown-tundra-shield
36,31,clefable,lets-go-pikachu
36,33,clefable,sword
36,34,clefable,shield
36,32,clefable,lets-go-eevee
36,50,clefable,the-isle-of-armor-shield
36,18,clefable,white
36,35,clefable,the-isle-of-armor-sword
36,36,clefable,the-crown-tundra-sword
36,46,clefable,blue-japan
36,51,clefable,the-crown-tundra-shield
36,21,clefable,black-2
36,22,clefable,white-2
36,17,clefable,black
37,32,vulpix,lets-go-eevee
37,2,vulpix,blue
37,21,vulpix,black-2
37,17,vulpix,black
37,11,vulpix,leafgreen
37,25,vulpix,omega-ruby
37,5,vulpix,silver
37,45,vulpix,green-japan
37,14,vulpix,platinum
37,7,vulpix,ruby
37,22,vulpix,white-2
37,18,vulpix,white
37,13,vulpix,pearl
37,12,vulpix,diamond
37,3,vulpix,yellow
37,33,vulpix,sword
37,34,vulpix,shield
37,9,vulpix,emerald
37,26,vulpix,alpha-sapphire
37,8,vulpix,sapphire
37,20,vulpix,xd
37,16,vulpix,soulsilver
38,33,ninetales,sword
38,23,ninetales,x
38,34,ninetales,shield
38,32,ninetales,lets-go-eevee
38,18,ninetales,white
38,35,ninetales,the-isle-of-armor-sword
38,36,ninetales,the-crown-tundra-sword
38,24,ninetales,y
38,21,ninetales,black-2
38,22,ninetales,white-2
38,17,ninetales,black
39,27,jigglypuff,sun
39,44,jigglypuff,red-japan
39,32,jigglypuff,lets-go-eevee
39,2,jigglypuff,blue
39,21,jigglypuff,black-2
39,36,jigglypuff,the-crown-tundra-sword
39,11,jigglypuff,leafgreen
39,17,jigglypuff,black
39,1,jigglypuff,red
39,50,jigglypuff,the-isle-of-armor-shield
39,5,jigglypuff,silver
39,45,jigglypuff,green-japan
39,14,jigglypuff,platinum
39,7,jigglypuff,ruby
39,24,jigglypuff,y
39,22,jigglypuff,white-2
39,18,jigglypuff,white
39,35,jigglypuff,the-isle-of-armor-sword
39,13,jigglypuff,pearl
39,30,jigglypuff,ultra-moon
39,12,jigglypuff,diamond
39,31,jigglypuff,lets-go-pikachu
39,3,jigglypuff,yellow
39,15,jigglypuff,heartgold
39,23,jigglypuff,x
39,4,jigglypuff,gold
39,9,jigglypuff,emerald
39,28,jigglypuff,moon
39,6,jigglypuff,crystal
39,10,jigglypuff,firered
39,8,jigglypuff,sapphire
39,29,jigglypuff,ultra-sun
39,16,jigglypuff,soulsilver
39,51,jigglypuff,the-crown-tundra-shield
40,1,wigglytuff,red
40,3,wigglytuff,yellow
40,44,wigglytuff,red-japan
40,50,wigglytuff,the-isle-of-armor-shield
40,2,wigglytuff,blue
40,18,wigglytuff,white
40,35,wigglytuff,the-isle-of-armor-sword
40,45,wigglytuff,green-japan
40,36,wigglytuff,the-crown-tundra-sword
40,51,wigglytuff,the-crown-tundra-shield
40,21,wigglytuff,black-2
40,22,wigglytuff,white-2
40,17,wigglytuff,black
41,27,zubat,sun
41,44,zubat,red-japan
41,32,zubat,lets-go-eevee
41,2,zubat,blue
41,21,zubat,black-2
41,36,zubat,the-crown-tundra-sword
41,11,zubat,leafgreen
41,1,zubat,red
41,25,zubat,omega-ruby
41,5,zubat,silver
41,45,zubat,green-japan
41,14,zubat,platinum
41,7,zubat,ruby
41,24,zubat,y
41,22,zubat,white-2
41,13,zubat,pearl
41,30,zubat,ultra-moon
41,12,zubat,diamond
41,20,zubat,xd
41,31,zubat,lets-go-pikachu
41,3,zubat,yellow
41,15,zubat,heartgold
41,23,zubat,x
41,4,zubat,gold
41,9,zubat,emerald
41,28,zubat,moon
41,6,zubat,crystal
41,26,zubat,alpha-sapphire
41,10,zubat,firered
41,8,zubat,sapphire
41,29,zubat,ultra-sun
41,16,zubat,soulsilver
41,51,zubat,the-crown-tundra-shield
42,27,golbat,sun
42,44,golbat,red-japan
42,32,golbat,lets-go-eevee
42,2,golbat,blue
42,21,golbat,black-2
42,36,golbat,the-crown-tundra-sword
42,11,golbat,leafgreen
42,17,golbat,black
42,1,golbat,red
42,25,golbat,omega-ruby
42,5,golbat,silver
42,45,golbat,green-japan
42,14,golbat,platinum
42,7,golbat,ruby
42,22,golbat,white-2
42,18,golbat,white
42,13,golbat,pearl
42,30,golbat,ultra-moon
42,12,golbat,diamond
42,31,golbat,lets-go-pikachu
42,3,golbat,yellow
42,15,golbat,heartgold
42,4,golbat,gold
42,9,golbat,emerald
42,28,golbat,moon
42,6,golbat,crystal
42,26,golbat,alpha-sapphire
42,10,golbat,firered
42,8,golbat,sapphire
42,29,golbat,ultra-sun
42,16,golbat,soulsilver
42,51,golbat,the-crown-tundra-shield
43,44,oddish,red-japan
43,1,oddish,red
43,25,oddish,omega-ruby
43,5,oddish,silver
43,14,oddish,platinum
43,7,oddish,ruby
43,24,oddish,y
43,13,oddish,pearl
43,12,oddish,diamond
43,31,oddish,lets-go-pikachu
43,3,oddish,yellow
43,15,oddish,heartgold
43,23,oddish,x
43,33,oddish,sword
43,4,oddish,gold
43,34,oddish,shield
43,9,oddish,emerald
43,6,oddish,crystal
43,26,oddish,alpha-sapphire
43,10,oddish,firered
43,8,oddish,sapphire
43,16,oddish,soulsilver
44,44,gloom,red-japan
44,36,gloom,the-crown-tundra-sword
44,1,gloom,red
44,5,gloom,silver
44,14,gloom,platinum
44,7,gloom,ruby
44,24,gloom,y
44,13,gloom,pearl
44,12,gloom,diamond
44,31,gloom,lets-go-pikachu
44,3,gloom,yellow
44,15,gloom,heartgold
44,33,gloom,sword
44,34,gloom,shield
44,4,gloom,gold
44,23,gloom,x
44,9,gloom,emerald
44,6,gloom,crystal
44,10,gloom,firered
44,8,gloom,sapphire
44,16,gloom,soulsilver
44,51,gloom,the-crown-tundra-shield
45,31,vileplume,lets-go-pikachu
45,33,vileplume,sword
45,34,vileplume,shield
45,36,vileplume,the-crown-tundra-sword
45,51,vileplume,the-crown-tundra-shield
46,27,paras,sun
46,44,paras,red-japan
46,32,paras,lets-go-eevee
46,2,paras,blue
46,11,paras,leafgreen
46,1,paras,red
46,5,paras,silver
46,45,paras,green-japan
46,14,paras,platinum
46,24,paras,y
46,13,paras,pearl
46,30,paras,ultra-moon
46,12,paras,diamond
46,20,paras,xd
46,31,paras,lets-go-pikachu
46,3,paras,yellow
46,15,paras,heartgold
46,23,paras,x
46,4,paras,gold
46,28,paras,moon
46,6,paras,crystal
46,10,paras,firered
46,29,paras,ultra-sun
46,16,paras,soulsilver
47,3,parasect,yellow
47,1,parasect,red
47,15,parasect,heartgold
47,44,parasect,red-japan
47,2,parasect,blue
47,45,parasect,green-japan
47,6,parasect,crystal
47,10,parasect,firered
47,30,parasect,ultra-moon
47,29,parasect,ultra-sun
47,16,parasect,soulsilver
47,11,parasect,leafgreen
48,44,venonat,red-japan
48,32,venonat,lets-go-eevee
48,2,venonat,blue
48,21,venonat,black-2
48,11,venonat,leafgreen
48,1,venonat,red
48,5,venonat,silver
48,45,venonat,green-japan
48,14,venonat,platinum
48,22,venonat,white-2
48,13,venonat,pearl
48,12,venonat,diamond
48,31,venonat,lets-go-pikachu
48,3,venonat,yellow
48,15,venonat,heartgold
48,4,venonat,gold
48,6,venonat,crystal
48,10,venonat,firered
48,16,venonat,soulsilver
49,44,venomoth,red-japan
49,32,venomoth,lets-go-eevee
49,2,venomoth,blue
49,17,venomoth,black
49,11,venomoth,leafgreen
49,1,venomoth,red
49,25,venomoth,omega-ruby
49,5,venomoth,silver
49,45,venomoth,green-japan
49,14,venomoth,platinum
49,24,venomoth,y
49,18,venomoth,white
49,13,venomoth,pearl
49,12,venomoth,diamond
49,31,venomoth,lets-go-pikachu
49,3,venomoth,yellow
49,15,venomoth,heartgold
49,23,venomoth,x
49,4,venomoth,gold
49,6,venomoth,crystal
49,26,venomoth,alpha-sapphire
49,10,venomoth,firered
49,20,venomoth,xd
49,16,venomoth,soulsilver
50,44,diglett,red-japan
50,32,diglett,lets-go-eevee
50,2,diglett,blue
50,11,diglett,leafgreen
50,1,diglett,red
50,5,diglett,silver
50,45,diglett,green-japan
50,14,diglett,platinum
50,13,diglett,pearl
50,12,diglett,diamond
50,31,diglett,lets-go-pikachu
50,3,diglett,yellow
50,15,diglett,heartgold
50,33,diglett,sword
50,34,diglett,shield
50,4,diglett,gold
50,6,diglett,crystal
50,10,diglett,firered
50,16,diglett,soulsilver
51,44,dugtrio,red-japan
51,32,dugtrio,lets-go-eevee
51,2,dugtrio,blue
51,36,dugtrio,the-crown-tundra-sword
51,11,dugtrio,leafgreen
51,1,dugtrio,red
51,5,dugtrio,silver
51,45,dugtrio,green-japan
51,14,dugtrio,platinum
51,24,dugtrio,y
51,13,dugtrio,pearl
51,30,dugtrio,ultra-moon
51,12,dugtrio,diamond
51,20,dugtrio,xd
51,31,dugtrio,lets-go-pikachu
51,3,dugtrio,yellow
51,15,dugtrio,heartgold
51,23,dugtrio,x
51,33,dugtrio,sword
51,4,dugtrio,gold
51,34,dugtrio,shield
51,6,dugtrio,crystal
51,10,dugtrio,firered
51,29,dugtrio,ultra-sun
51,16,dugtrio,soulsilver
51,51,dugtrio,the-crown-tundra-shield
52,33,meowth,sword
52,34,meowth,shield
52,32,meowth,lets-go-eevee
52,50,meowth,the-isle-of-armor-shield
52,2,meowth,blue
52,5,meowth,silver
52,9,meowth,emerald
52,35,meowth,the-isle-of-armor-sword
52,45,meowth,green-japan
52,14,meowth,platinum
52,6,meowth,crystal
52,13,meowth,pearl
52,10,meowth,firered
52,12,meowth,diamond
52,20,meowth,xd
52,16,meowth,soulsilver
52,11,meowth,leafgreen
53,31,persian,lets-go-pikachu
53,25,persian,omega-ruby
53,5,persian,silver
53,6,persian,crystal
53,26,persian,alpha-sapphire
53,10,persian,firered
53,51,persian,the-crown-tundra-shield
53,36,persian,the-crown-tundra-sword
53,16,persian,soulsilver
53,11,persian,leafgreen
54,27,psyduck,sun
54,44,psyduck,red-japan
54,32,psyduck,lets-go-eevee
54,2,psyduck,blue
54,21,psyduck,black-2
54,1,psyduck,red
54,25,psyduck,omega-ruby
54,50,psyduck,the-isle-of-armor-shield
54,5,psyduck,silver
54,45,psyduck,green-japan
54,14,psyduck,platinum
54,7,psyduck,ruby
54,24,psyduck,y
54,22,psyduck,white-2
54,35,psyduck,the-isle-of-armor-sword
54,13,psyduck,pearl
54,30,psyduck,ultra-moon
54,12,psyduck,diamond
54,31,psyduck,lets-go-pikachu
54,3,psyduck,yellow
54,15,psyduck,heartgold
54,23,psyduck,x
54,4,psyduck,gold
54,9,psyduck,emerald
54,28,psyduck,moon
54,6,psyduck,crystal
54,26,psyduck,alpha-sapphire
54,10,psyduck,firered
54,8,psyduck,sapphire
54,29,psyduck,ultra-sun
54,16,psyduck,soulsilver
55,27,golduck,sun
55,44,golduck,red-japan
55,32,golduck,lets-go-eevee
55,2,golduck,blue
55,21,golduck,black-2
55,36,golduck,the-crown-tundra-sword
55,17,golduck,black
55,1,golduck,red
55,50,golduck,the-isle-of-armor-shield
55,5,golduck,silver
55,45,golduck,green-japan
55,14,golduck,platinum
55,7,golduck,ruby
55,22,golduck,white-2
55,18,golduck,white
55,35,golduck,the-isle-of-armor-sword
55,13,golduck,pearl
55,30,golduck,ultra-moon
55,12,golduck,diamond
55,20,golduck,xd
55,31,golduck,lets-go-pikachu
55,3,golduck,yellow
55,15,golduck,heartgold
55,4,golduck,gold
55,9,golduck,emerald
55,28,golduck,moon
55,6,golduck,crystal
55,10,golduck,firered
55,8,golduck,sapphire
55,29,golduck,ultra-sun
55,16,golduck,soulsilver
55,51,golduck,the-crown-tundra-shield
56,31,mankey,lets-go-pikachu
56,3,mankey,yellow
56,15,mankey,heartgold
56,1,mankey,red
56,23,mankey,x
56,4,mankey,gold
56,27,mankey,sun
56,44,mankey,red-japan
56,28,mankey,moon
56,14,mankey,platinum
56,13,mankey,pearl
56,10,mankey,firered
56,30,mankey,ultra-moon
56,12,mankey,diamond
56,24,mankey,y
56,29,mankey,ultra-sun
56,11,mankey,leafgreen
57,3,primeape,yellow
57,15,primeape,heartgold
57,4,primeape,gold
57,27,primeape,sun
57,28,primeape,moon
57,14,primeape,platinum
57,13,primeape,pearl
57,10,primeape,firered
57,30,primeape,ultra-moon
57,12,primeape,diamond
57,29,primeape,ultra-sun
57,20,primeape,xd
57,11,primeape,leafgreen
58,27,growlithe,sun
58,44,growlithe,red-japan
58,21,growlithe,black-2
58,1,growlithe,red
58,14,growlithe,platinum
58,24,growlithe,y
58,22,growlithe,white-2
58,13,growlithe,pearl
58,30,growlithe,ultra-moon
58,12,growlithe,diamond
58,20,growlithe,xd
58,31,growlithe,lets-go-pikachu
58,3,growlithe,yellow
58,15,growlithe,heartgold
58,34,growlithe,shield
58,33,growlithe,sword
58,4,growlithe,gold
58,23,growlithe,x
58,28,growlithe,moon
58,6,growlithe,crystal
58,10,growlithe,firered
58,29,growlithe,ultra-sun
59,31,arcanine,lets-go-pikachu
59,34,arcanine,shield
59,33,arcanine,sword
59,32,arcanine,lets-go-eevee
59,50,arcanine,the-isle-of-armor-shield
59,51,arcanine,the-crown-tundra-shield
60,27,poliwag,sun
60,44,poliwag,red-japan
60,32,poliwag,lets-go-eevee
60,2,poliwag,blue
60,21,poliwag,black-2
60,17,poliwag,black
60,11,poliwag,leafgreen
60,1,poliwag,red
60,50,poliwag,the-isle-of-armor-shield
60,5,poliwag,silver
60,45,poliwag,green-japan
60,14,poliwag,platinum
60,24,poliwag,y
60,22,poliwag,white-2
60,18,poliwag,white
60,35,poliwag,the-isle-of-armor-sword
60,13,poliwag,pearl
60,30,poliwag,ultra-moon
60,12,poliwag,diamond
60,31,poliwag,lets-go-pikachu
60,3,poliwag,yellow
60,15,poliwag,heartgold
60,23,poliwag,x
60,4,poliwag,gold
60,28,poliwag,moon
60,6,poliwag,crystal
60,10,poliwag,firered
60,29,poliwag,ultra-sun
60,16,poliwag,soulsilver
61,27,poliwhirl,sun
61,44,poliwhirl,red-japan
61,32,poliwhirl,lets-go-eevee
61,2,poliwhirl,blue
61,21,poliwhirl,black-2
61,17,poliwhirl,black
61,11,poliwhirl,leafgreen
61,1,poliwhirl,red
61,50,poliwhirl,the-isle-of-armor-shield
61,5,poliwhirl,silver
61,45,poliwhirl,green-japan
61,14,poliwhirl,platinum
61,24,poliwhirl,y
61,22,poliwhirl,white-2
61,18,poliwhirl,white
61,35,poliwhirl,the-isle-of-armor-sword
61,13,poliwhirl,pearl
61,30,poliwhirl,ultra-moon
61,12,poliwhirl,diamond
61,31,poliwhirl,lets-go-pikachu
61,3,poliwhirl,yellow
61,15,poliwhirl,heartgold
61,23,poliwhirl,x
61,4,poliwhirl,gold
61,28,poliwhirl,moon
61,6,poliwhirl,crystal
61,10,poliwhirl,firered
61,29,poliwhirl,ultra-sun
61,16,poliwhirl,soulsilver
62,31,poliwrath,lets-go-pikachu
62,23,poliwrath,x
62,27,poliwrath,sun
62,32,poliwrath,lets-go-eevee
62,50,poliwrath,the-isle-of-armor-shield
62,29,poliwrath,ultra-sun
62,18,poliwrath,white
62,35,poliwrath,the-isle-of-armor-sword
62,28,poliwrath,moon
62,36,poliwrath,the-crown-tundra-sword
62,30,poliwrath,ultra-moon
62,51,poliwrath,the-crown-tundra-shield
62,20,poliwrath,xd
62,24,poliwrath,y
62,21,poliwrath,black-2
62,22,poliwrath,white-2
62,17,poliwrath,black
63,27,abra,sun
63,44,abra,red-japan
63,32,abra,lets-go-eevee
63,2,abra,blue
63,46,abra,blue-japan
63,11,abra,leafgreen
63,1,abra,red
63,50,abra,the-isle-of-armor-shield
63,5,abra,silver
63,45,abra,green-japan
63,14,abra,platinum
63,7,abra,ruby
63,24,abra,y
63,35,abra,the-isle-of-armor-sword
63,13,abra,pearl
63,30,abra,ultra-moon
63,12,abra,diamond
63,31,abra,lets-go-pikachu
63,3,abra,yellow
63,15,abra,heartgold
63,23,abra,x
63,4,abra,gold
63,9,abra,emerald
63,28,abra,moon
63,6,abra,crystal
63,10,abra,firered
63,8,abra,sapphire
63,29,abra,ultra-sun
63,16,abra,soulsilver
64,27,kadabra,sun
64,44,kadabra,red-japan
64,32,kadabra,lets-go-eevee
64,2,kadabra,blue
64,36,kadabra,the-crown-tundra-sword
64,11,kadabra,leafgreen
64,1,kadabra,red
64,50,kadabra,the-isle-of-armor-shield
64,5,kadabra,silver
64,45,kadabra,green-japan
64,14,kadabra,platinum
64,35,kadabra,the-isle-of-armor-sword
64,13,kadabra,pearl
64,12,kadabra,diamond
64,31,kadabra,lets-go-pikachu
64,3,kadabra,yellow
64,15,kadabra,heartgold
64,4,kadabra,gold
64,28,kadabra,moon
64,6,kadabra,crystal
64,10,kadabra,firered
64,16,kadabra,soulsilver
64,51,kadabra,the-crown-tundra-shield
65,50,alakazam,the-isle-of-armor-shield
65,21,alakazam,black-2
65,35,alakazam,the-isle-of-armor-sword
65,22,alakazam,white-2
66,27,machop,sun
66,44,machop,red-japan
66,32,machop,lets-go-eevee
66,2,machop,blue
66,11,machop,leafgreen
66,1,machop,red
66,25,machop,omega-ruby
66,5,machop,silver
66,45,machop,green-japan
66,14,machop,platinum
66,7,machop,ruby
66,24,machop,y
66,13,machop,pearl
66,30,machop,ultra-moon
66,12,machop,diamond
66,31,machop,lets-go-pikachu
66,3,machop,yellow
66,15,machop,heartgold
66,23,machop,x
66,33,machop,sword
66,4,machop,gold
66,34,machop,shield
66,9,machop,emerald
66,28,machop,moon
66,6,machop,crystal
66,26,machop,alpha-sapphire
66,10,machop,firered
66,8,machop,sapphire
66,29,machop,ultra-sun
66,16,machop,soulsilver
67,27,machoke,sun
67,44,machoke,red-japan
67,32,machoke,lets-go-eevee
67,2,machoke,blue
67,36,machoke,the-crown-tundra-sword
67,11,machoke,leafgreen
67,1,machoke,red
67,5,machoke,silver
67,45,machoke,green-japan
67,14,machoke,platinum
67,24,machoke,y
67,13,machoke,pearl
67,30,machoke,ultra-moon
67,12,machoke,diamond
67,31,machoke,lets-go-pikachu
67,3,machoke,yellow
67,15,machoke,heartgold
67,33,machoke,sword
67,34,machoke,shield
67,4,machoke,gold
67,23,machoke,x
67,28,machoke,moon
67,6,machoke,crystal
67,10,machoke,firered
67,29,machoke,ultra-sun
67,16,machoke,soulsilver
67,51,machoke,the-crown-tundra-shield
68,34,machamp,shield
68,33,machamp,sword
68,51,machamp,the-crown-tundra-shield
69,3,bellsprout,yellow
69,15,bellsprout,heartgold
69,23,bellsprout,x
69,4,bellsprout,gold
69,27,bellsprout,sun
69,32,bellsprout,lets-go-eevee
69,2,bellsprout,blue
69,5,bellsprout,silver
69,28,bellsprout,moon
69,45,bellsprout,green-japan
69,14,bellsprout,platinum
69,13,bellsprout,pearl
69,6,bellsprout,crystal
69,12,bellsprout,diamond
69,24,bellsprout,y
69,16,bellsprout,soulsilver
69,11,bellsprout,leafgreen
70,3,weepinbell,yellow
70,15,weepinbell,heartgold
70,23,weepinbell,x
70,4,weepinbell,gold
70,32,weepinbell,lets-go-eevee
70,2,weepinbell,blue
70,5,weepinbell,silver
70,45,weepinbell,green-japan
70,14,weepinbell,platinum
70,13,weepinbell,pearl
70,6,weepinbell,crystal
70,12,weepinbell,diamond
70,24,weepinbell,y
70,20,weepinbell,xd
70,16,weepinbell,soulsilver
70,11,weepinbell,leafgreen
71,32,victreebel,lets-go-eevee
72,27,tentacool,sun
72,44,tentacool,red-japan
72,32,tentacool,lets-go-eevee
72,2,tentacool,blue
72,11,tentacool,leafgreen
72,1,tentacool,red
72,50,tentacool,the-isle-of-armor-shield
72,5,tentacool,silver
72,45,tentacool,green-japan
72,14,tentacool,platinum
72,7,tentacool,ruby
72,24,tentacool,y
72,35,tentacool,the-isle-of-armor-sword
72,13,tentacool,pearl
72,30,tentacool,ultra-moon
72,12,tentacool,diamond
72,31,tentacool,lets-go-pikachu
72,3,tentacool,yellow
72,15,tentacool,heartgold
72,23,tentacool,x
72,4,tentacool,gold
72,9,tentacool,emerald
72,28,tentacool,moon
72,6,tentacool,crystal
72,10,tentacool,firered
72,8,tentacool,sapphire
72,29,tentacool,ultra-sun
72,16,tentacool,soulsilver
73,27,tentacruel,sun
73,32,tentacruel,lets-go-eevee
73,36,tentacruel,the-crown-tundra-sword
73,11,tentacruel,leafgreen
73,50,tentacruel,the-isle-of-armor-shield
73,5,tentacruel,silver
73,14,tentacruel,platinum
73,7,tentacruel,ruby
73,35,tentacruel,the-isle-of-armor-sword
73,13,tentacruel,pearl
73,30,tentacruel,ultra-moon
73,12,tentacruel,diamond
73,31,tentacruel,lets-go-pikachu
73,3,tentacruel,yellow
73,15,tentacruel,heartgold
73,4,tentacruel,gold
73,9,tentacruel,emerald
73,28,tentacruel,moon
73,6,tentacruel,crystal
73,10,tentacruel,firered
73,8,tentacruel,sapphire
73,29,tentacruel,ultra-sun
73,16,tentacruel,soulsilver
73,51,tentacruel,the-crown-tundra-shield
74,44,geodude,red-japan
74,32,geodude,lets-go-eevee
74,2,geodude,blue
74,11,geodude,leafgreen
74,1,geodude,red
74,25,geodude,omega-ruby
74,5,geodude,silver
74,45,geodude,green-japan
74,14,geodude,platinum
74,7,geodude,ruby
74,24,geodude,y
74,13,geodude,pearl
74,12,geodude,diamond
74,31,geodude,lets-go-pikachu
74,3,geodude,yellow
74,15,geodude,heartgold
74,23,geodude,x
74,4,geodude,gold
74,9,geodude,emerald
74,6,geodude,crystal
74,26,geodude,alpha-sapphire
74,10,geodude,firered
74,8,geodude,sapphire
74,16,geodude,soulsilver
75,27,graveler,sun
75,44,graveler,red-japan
75,32,graveler,lets-go-eevee
75,2,graveler,blue
75,11,graveler,leafgreen
75,17,graveler,black
75,1,graveler,red
75,25,graveler,omega-ruby
75,5,graveler,silver
75,45,graveler,green-japan
75,14,graveler,platinum
75,7,graveler,ruby
75,24,graveler,y
75,18,graveler,white
75,13,graveler,pearl
75,12,graveler,diamond
75,31,graveler,lets-go-pikachu
75,3,graveler,yellow
75,15,graveler,heartgold
75,23,graveler,x
75,4,graveler,gold
75,9,graveler,emerald
75,28,graveler,moon
75,6,graveler,crystal
75,26,graveler,alpha-sapphire
75,10,graveler,firered
75,8,graveler,sapphire
75,16,graveler,soulsilver
76,15,golem,heartgold
76,16,golem,soulsilver
77,44,ponyta,red-japan
77,32,ponyta,lets-go-eevee
77,2,ponyta,blue
77,11,ponyta,leafgreen
77,1,ponyta,red
77,50,ponyta,the-isle-of-armor-shield
77,5,ponyta,silver
77,45,ponyta,green-japan
77,14,ponyta,platinum
77,24,ponyta,y
77,13,ponyta,pearl
77,12,ponyta,diamond
77,31,ponyta,lets-go-pikachu
77,3,ponyta,yellow
77,15,ponyta,heartgold
77,23,ponyta,x
77,4,ponyta,gold
77,6,ponyta,crystal
77,10,ponyta,firered
77,16,ponyta,soulsilver
78,31,rapidash,lets-go-pikachu
78,15,rapidash,heartgold
78,4,rapidash,gold
78,32,rapidash,lets-go-eevee
78,5,rapidash,silver
78,18,rapidash,white
78,6,rapidash,crystal
78,10,rapidash,firered
78,17,rapidash,black
78,20,rapidash,xd
78,16,rapidash,soulsilver
78,11,rapidash,leafgreen
79,27,slowpoke,sun
79,44,slowpoke,red-japan
79,32,slowpoke,lets-go-eevee
79,2,slowpoke,blue
79,17,slowpoke,black
79,11,slowpoke,leafgreen
79,1,slowpoke,red
79,25,slowpoke,omega-ruby
79,50,slowpoke,the-isle-of-armor-shield
79,5,slowpoke,silver
79,45,slowpoke,green-japan
79,14,slowpoke,platinum
79,24,slowpoke,y
79,18,slowpoke,white
79,35,slowpoke,the-isle-of-armor-sword
79,13,slowpoke,pearl
79,30,slowpoke,ultra-moon
79,31,slowpoke,lets-go-pikachu
79,3,slowpoke,yellow
79,15,slowpoke,heartgold
79,23,slowpoke,x
79,4,slowpoke,gold
79,28,slowpoke,moon
79,6,slowpoke,crystal
79,26,slowpoke,alpha-sapphire
79,29,slowpoke,ultra-sun
79,16,slowpoke,soulsilver
80,27,slowbro,sun
80,44,slowbro,red-japan
80,32,slowbro,lets-go-eevee
80,2,slowbro,blue
80,36,slowbro,the-crown-tundra-sword
80,17,slowbro,black
80,11,slowbro,leafgreen
80,1,slowbro,red
80,5,slowbro,silver
80,45,slowbro,green-japan
80,18,slowbro,white
80,30,slowbro,ultra-moon
80,31,slowbro,lets-go-pikachu
80,3,slowbro,yellow
80,15,slowbro,heartgold
80,4,slowbro,gold
80,28,slowbro,moon
80,6,slowbro,crystal
80,29,slowbro,ultra-sun
80,16,slowbro,soulsilver
80,51,slowbro,the-crown-tundra-shield
81,27,magnemite,sun
81,44,magnemite,red-japan
81,32,magnemite,lets-go-eevee
81,2,magnemite,blue
81,21,magnemite,black-2
81,11,magnemite,leafgreen
81,1,magnemite,red
81,25,magnemite,omega-ruby
81,50,magnemite,the-isle-of-armor-shield
81,5,magnemite,silver
81,45,magnemite,green-japan
81,14,magnemite,platinum
81,7,magnemite,ruby
81,22,magnemite,white-2
81,35,magnemite,the-isle-of-armor-sword
81,13,magnemite,pearl
81,30,magnemite,ultra-moon
81,12,magnemite,diamond
81,31,magnemite,lets-go-pikachu
81,3,magnemite,yellow
81,15,magnemite,heartgold
81,4,magnemite,gold
81,9,magnemite,emerald
81,28,magnemite,moon
81,6,magnemite,crystal
81,26,magnemite,alpha-sapphire
81,10,magnemite,firered
81,8,magnemite,sapphire
81,29,magnemite,ultra-sun
81,16,magnemite,soulsilver
82,44,magneton,red-japan
82,32,magneton,lets-go-eevee
82,2,magneton,blue
82,21,magneton,black-2
82,36,magneton,the-crown-tundra-sword
82,11,magneton,leafgreen
82,1,magneton,red
82,50,magneton,the-isle-of-armor-shield
82,45,magneton,green-japan
82,14,magneton,platinum
82,7,magneton,ruby
82,24,magneton,y
82,22,magneton,white-2
82,35,magneton,the-isle-of-armor-sword
82,31,magneton,lets-go-pikachu
82,3,magneton,yellow
82,15,magneton,heartgold
82,23,magneton,x
82,9,magneton,emerald
82,6,magneton,crystal
82,10,magneton,firered
82,8,magneton,sapphire
82,20,magneton,xd
82,16,magneton,soulsilver
82,51,magneton,the-crown-tundra-shield
83,32,farfetchd,lets-go-eevee
83,2,farfetchd,blue
83,11,farfetchd,leafgreen
83,1,farfetchd,red
83,5,farfetchd,silver
83,14,farfetchd,platinum
83,24,farfetchd,y
83,35,farfetchd,the-isle-of-armor-sword
83,13,farfetchd,pearl
83,12,farfetchd,diamond
83,31,farfetchd,lets-go-pikachu
83,3,farfetchd,yellow
83,15,farfetchd,heartgold
83,23,farfetchd,x
83,4,farfetchd,gold
83,6,farfetchd,crystal
83,10,farfetchd,firered
83,20,farfetchd,xd
83,16,farfetchd,soulsilver
84,44,doduo,red-japan
84,32,doduo,lets-go-eevee
84,2,doduo,blue
84,11,doduo,leafgreen
84,1,doduo,red
84,25,doduo,omega-ruby
84,5,doduo,silver
84,45,doduo,green-japan
84,14,doduo,platinum
84,7,doduo,ruby
84,24,doduo,y
84,13,doduo,pearl
84,12,doduo,diamond
84,31,doduo,lets-go-pikachu
84,3,doduo,yellow
84,15,doduo,heartgold
84,23,doduo,x
84,4,doduo,gold
84,9,doduo,emerald
84,6,doduo,crystal
84,26,doduo,alpha-sapphire
84,10,doduo,firered
84,8,doduo,sapphire
84,16,doduo,soulsilver
85,31,dodrio,lets-go-pikachu
85,3,dodrio,yellow
85,15,dodrio,heartgold
85,1,dodrio,red
85,4,dodrio,gold
85,44,dodrio,red-japan
85,32,dodrio,lets-go-eevee
85,2,dodrio,blue
85,5,dodrio,silver
85,9,dodrio,emerald
85,45,dodrio,green-japan
85,7,dodrio,ruby
85,6,dodrio,crystal
85,8,dodrio,sapphire
85,20,dodrio,xd
85,16,dodrio,soulsilver
86,44,seel,red-japan
86,32,seel,lets-go-eevee
86,2,seel,blue
86,21,seel,black-2
86,17,seel,black
86,11,seel,leafgreen
86,1,seel,red
86,5,seel,silver
86,45,seel,green-japan
86,22,seel,white-2
86,18,seel,white
86,30,seel,ultra-moon
86,12,seel,diamond
86,20,seel,xd
86,31,seel,lets-go-pikachu
86,3,seel,yellow
86,15,seel,heartgold
86,4,seel,gold
86,6,seel,crystal
86,10,seel,firered
86,29,seel,ultra-sun
86,16,seel,soulsilver
87,44,dewgong,red-japan
87,32,dewgong,lets-go-eevee
87,2,dewgong,blue
87,21,dewgong,black-2
87,17,dewgong,black
87,11,dewgong,leafgreen
87,1,dewgong,red
87,45,dewgong,green-japan
87,14,dewgong,platinum
87,24,dewgong,y
87,22,dewgong,white-2
87,18,dewgong,white
87,12,dewgong,diamond
87,31,dewgong,lets-go-pikachu
87,3,dewgong,yellow
87,15,dewgong,heartgold
87,23,dewgong,x
87,10,dewgong,firered
87,16,dewgong,soulsilver
88,44,grimer,red-japan
88,2,grimer,blue
88,21,grimer,black-2
88,11,grimer,leafgreen
88,1,grimer,red
88,5,grimer,silver
88,45,grimer,green-japan
88,14,grimer,platinum
88,7,grimer,ruby
88,22,grimer,white-2
88,13,grimer,pearl
88,12,grimer,diamond
88,31,grimer,lets-go-pikachu
88,3,grimer,yellow
88,15,grimer,heartgold
88,4,grimer,gold
88,9,grimer,emerald
88,6,grimer,crystal
88,26,grimer,alpha-sapphire
88,10,grimer,firered
88,8,grimer,sapphire
88,20,grimer,xd
88,16,grimer,soulsilver
89,31,muk,lets-go-pikachu
89,3,muk,yellow
89,15,muk,heartgold
89,1,muk,red
89,23,muk,x
89,4,muk,gold
89,44,muk,red-japan
89,2,muk,blue
89,5,muk,silver
89,45,muk,green-japan
89,6,muk,crystal
89,24,muk,y
89,21,muk,black-2
89,22,muk,white-2
89,16,muk,soulsilver
89,11,muk,leafgreen
90,27,shellder,sun
90,44,shellder,red-japan
90,32,shellder,lets-go-eevee
90,2,shellder,blue
90,21,shellder,black-2
90,17,shellder,black
90,1,shellder,red
90,50,shellder,the-isle-of-armor-shield
90,5,shellder,silver
90,45,shellder,green-japan
90,14,shellder,platinum
90,24,shellder,y
90,22,shellder,white-2
90,18,shellder,white
90,35,shellder,the-isle-of-armor-sword
90,13,shellder,pearl
90,30,shellder,ultra-moon
90,12,shellder,diamond
90,20,shellder,xd
90,31,shellder,lets-go-pikachu
90,3,shellder,yellow
90,15,shellder,heartgold
90,33,shellder,sword
90,34,shellder,shield
90,4,shellder,gold
90,28,shellder,moon
90,6,shellder,crystal
90,10,shellder,firered
90,29,shellder,ultra-sun
90,16,shellder,soulsilver
91,31,cloyster,lets-go-pikachu
91,33,cloyster,sword
91,34,cloyster,shield
91,23,cloyster,x
91,32,cloyster,lets-go-eevee
91,50,cloyster,the-isle-of-armor-shield
91,18,cloyster,white
91,35,cloyster,the-isle-of-armor-sword
91,24,cloyster,y
91,21,cloyster,black-2
91,22,cloyster,white-2
91,17,cloyster,black
92,27,gastly,sun
92,44,gastly,red-japan
92,32,gastly,lets-go-eevee
92,2,gastly,blue
92,11,gastly,leafgreen
92,1,gastly,red
92,5,gastly,silver
92,45,gastly,green-japan
92,14,gastly,platinum
92,13,gastly,pearl
92,30,gastly,ultra-moon
92,12,gastly,diamond
92,31,gastly,lets-go-pikachu
92,3,gastly,yellow
92,15,gastly,heartgold
92,33,gastly,sword
92,34,gastly,shield
92,4,gastly,gold
92,28,gastly,moon
92,6,gastly,crystal
92,10,gastly,firered
92,29,gastly,ultra-sun
92,16,gastly,soulsilver
93,27,haunter,sun
93,44,haunter,red-japan
93,32,haunter,lets-go-eevee
93,2,haunter,blue
93,36,haunter,the-crown-tundra-sword
93,11,haunter,leafgreen
93,1,haunter,red
93,5,haunter,silver
93,45,haunter,green-japan
93,14,haunter,platinum
93,24,haunter,y
93,13,haunter,pearl
93,30,haunter,ultra-moon
93,12,haunter,diamond
93,31,haunter,lets-go-pikachu
93,3,haunter,yellow
93,15,haunter,heartgold
93,23,haunter,x
93,33,haunter,sword
93,4,haunter,gold
93,34,haunter,shield
93,28,haunter,moon
93,6,haunter,crystal
93,10,haunter,firered
93,29,haunter,ultra-sun
93,16,haunter,soulsilver
93,51,haunter,the-crown-tundra-shield
94,34,gengar,shield
94,33,gengar,sword
94,27,gengar,sun
94,28,gengar,moon
94,36,gengar,the-crown-tundra-sword
94,14,gengar,platinum
94,13,gengar,pearl
94,30,gengar,ultra-moon
94,12,gengar,diamond
94,29,gengar,ultra-sun
95,44,onix,red-japan
95,32,onix,lets-go-eevee
95,2,onix,blue
95,21,onix,black-2
95,17,onix,black
95,11,onix,leafgreen
95,1,onix,red
95,25,onix,omega-ruby
95,5,onix,silver
95,45,onix,green-japan
95,14,onix,platinum
95,24,onix,y
95,22,onix,white-2
95,18,onix,white
95,13,onix,pearl
95,30,onix,ultra-moon
95,12,onix,diamond
95,31,onix,lets-go-pikachu
95,3,onix,yellow
95,15,onix,heartgold
95,23,onix,x
95,33,onix,sword
95,4,onix,gold
95,34,onix,shield
95,6,onix,crystal
95,26,onix,alpha-sapphire
95,10,onix,firered
95,29,onix,ultra-sun
95,16,onix,soulsilver
96,27,drowzee,sun
96,44,drowzee,red-japan
96,32,drowzee,lets-go-eevee
96,2,drowzee,blue
96,11,drowzee,leafgreen
96,1,drowzee,red
96,5,drowzee,silver
96,45,drowzee,green-japan
96,14,drowzee,platinum
96,24,drowzee,y
96,13,drowzee,pearl
96,30,drowzee,ultra-moon
96,12,drowzee,diamond
96,31,drowzee,lets-go-pikachu
96,3,drowzee,yellow
96,15,drowzee,heartgold
96,23,drowzee,x
96,4,drowzee,gold
96,28,drowzee,moon
96,6,drowzee,crystal
96,10,drowzee,firered
96,29,drowzee,ultra-sun
96,16,drowzee,soulsilver
97,1,hypno,red
97,15,hypno,heartgold
97,4,hypno,gold
97,27,hypno,sun
97,44,hypno,red-japan
97,2,hypno,blue
97,5,hypno,silver
97,28,hypno,moon
97,45,hypno,green-japan
97,6,hypno,crystal
97,10,hypno,firered
97,30,hypno,ultra-moon
97,20,hypno,xd
97,29,hypno,ultra-sun
97,16,hypno,soulsilver
97,11,hypno,leafgreen
98,44,krabby,red-japan
98,32,krabby,lets-go-eevee
98,2,krabby,blue
98,21,krabby,black-2
98,17,krabby,black
98,11,krabby,leafgreen
98,1,krabby,red
98,50,krabby,the-isle-of-armor-shield
98,5,krabby,silver
98,45,krabby,green-japan
98,14,krabby,platinum
98,24,krabby,y
98,22,krabby,white-2
98,18,krabby,white
98,35,krabby,the-isle-of-armor-sword
98,13,krabby,pearl
98,12,krabby,diamond
98,31,krabby,lets-go-pikachu
98,3,krabby,yellow
98,15,krabby,heartgold
98,33,krabby,sword
98,34,krabby,shield
98,4,krabby,gold
98,23,krabby,x
98,6,krabby,crystal
98,10,krabby,firered
98,16,krabby,soulsilver
99,44,kingler,red-japan
99,32,kingler,lets-go-eevee
99,2,kingler,blue
99,21,kingler,black-2
99,36,kingler,the-crown-tundra-sword
99,17,kingler,black
99,11,kingler,leafgreen
99,1,kingler,red
99,50,kingler,the-isle-of-armor-shield
99,5,kingler,silver
99,45,kingler,green-japan
99,22,kingler,white-2
99,18,kingler,white
99,35,kingler,the-isle-of-armor-sword
99,31,kingler,lets-go-pikachu
99,3,kingler,yellow
99,15,kingler,heartgold
99,33,kingler,sword
99,34,kingler,shield
99,4,kingler,gold
99,6,kingler,crystal
99,16,kingler,soulsilver
99,51,kingler,the-crown-tundra-shield
100,27,voltorb,sun
100,44,voltorb,red-japan
100,32,voltorb,lets-go-eevee
100,2,voltorb,blue
100,11,voltorb,leafgreen
100,1,voltorb,red
100,25,voltorb,omega-ruby
100,5,voltorb,silver
100,45,voltorb,green-japan
100,14,voltorb,platinum
100,7,voltorb,ruby
100,13,voltorb,pearl
100,12,voltorb,diamond
100,31,voltorb,lets-go-pikachu
100,3,voltorb,yellow
100,15,voltorb,heartgold
100,4,voltorb,gold
100,9,voltorb,emerald
100,6,voltorb,crystal
100,26,voltorb,alpha-sapphire
100,10,voltorb,firered
100,8,voltorb,sapphire
100,20,voltorb,xd
100,16,voltorb,soulsilver
101,27,electrode,sun
101,44,electrode,red-japan
101,32,electrode,lets-go-eevee
101,2,electrode,blue
101,11,electrode,leafgreen
101,1,electrode,red
101,25,electrode,omega-ruby
101,5,electrode,silver
101,45,electrode,green-japan
101,7,electrode,ruby
101,24,electrode,y
101,30,electrode,ultra-moon
101,31,electrode,lets-go-pikachu
101,3,electrode,yellow
101,15,electrode,heartgold
101,23,electrode,x
101,4,electrode,gold
101,9,electrode,emerald
101,6,electrode,crystal
101,26,electrode,alpha-sapphire
101,10,electrode,firered
101,8,electrode,sapphire
101,29,electrode,ultra-sun
101,16,electrode,soulsilver
102,27,exeggcute,sun
102,44,exeggcute,red-japan
102,32,exeggcute,lets-go-eevee
102,2,exeggcute,blue
102,11,exeggcute,leafgreen
102,1,exeggcute,red
102,50,exeggcute,the-isle-of-armor-shield
102,5,exeggcute,silver
102,45,exeggcute,green-japan
102,14,exeggcute,platinum
102,24,exeggcute,y
102,35,exeggcute,the-isle-of-armor-sword
102,13,exeggcute,pearl
102,30,exeggcute,ultra-moon
102,12,exeggcute,diamond
102,31,exeggcute,lets-go-pikachu
102,3,exeggcute,yellow
102,15,exeggcute,heartgold
102,23,exeggcute,x
102,4,exeggcute,gold
102,28,exeggcute,moon
102,6,exeggcute,crystal
102,10,exeggcute,firered
102,29,exeggcute,ultra-sun
102,16,exeggcute,soulsilver
103,31,exeggutor,lets-go-pikachu
103,32,exeggutor,lets-go-eevee
103,50,exeggutor,the-isle-of-armor-shield
103,35,exeggutor,the-isle-of-armor-sword
103,20,exeggutor,xd
103,36,exeggutor,the-crown-tundra-sword
103,51,exeggutor,the-crown-tundra-shield
104,27,cubone,sun
104,44,cubone,red-japan
104,32,cubone,lets-go-eevee
104,2,cubone,blue
104,11,cubone,leafgreen
104,1,cubone,red
104,50,cubone,the-isle-of-armor-shield
104,5,cubone,silver
104,45,cubone,green-japan
104,14,cubone,platinum
104,24,cubone,y
104,35,cubone,the-isle-of-armor-sword
104,13,cubone,pearl
104,30,cubone,ultra-moon
104,12,cubone,diamond
104,31,cubone,lets-go-pikachu
104,3,cubone,yellow
104,15,cubone,heartgold
104,23,cubone,x
104,4,cubone,gold
104,28,cubone,moon
104,6,cubone,crystal
104,10,cubone,firered
104,29,cubone,ultra-sun
104,16,cubone,soulsilver
105,44,marowak,red-japan
105,2,marowak,blue
105,36,marowak,the-crown-tundra-sword
105,17,marowak,black
105,11,marowak,leafgreen
105,1,marowak,red
105,50,marowak,the-isle-of-armor-shield
105,5,marowak,silver
105,45,marowak,green-japan
105,24,marowak,y
105,18,marowak,white
105,35,marowak,the-isle-of-armor-sword
105,20,marowak,xd
105,3,marowak,yellow
105,15,marowak,heartgold
105,23,marowak,x
105,4,marowak,gold
105,6,marowak,crystal
105,10,marowak,firered
105,29,marowak,ultra-sun
105,16,marowak,soulsilver
105,51,marowak,the-crown-tundra-shield
106,31,hitmonlee,lets-go-pikachu
106,1,hitmonlee,red
106,3,hitmonlee,yellow
106,33,hitmonlee,sword
106,34,hitmonlee,shield
106,44,hitmonlee,red-japan
106,32,hitmonlee,lets-go-eevee
106,2,hitmonlee,blue
106,45,hitmonlee,green-japan
106,10,hitmonlee,firered
106,51,hitmonlee,the-crown-tundra-shield
106,20,hitmonlee,xd
106,36,hitmonlee,the-crown-tundra-sword
106,11,hitmonlee,leafgreen
107,31,hitmonchan,lets-go-pikachu
107,1,hitmonchan,red
107,3,hitmonchan,yellow
107,34,hitmonchan,shield
107,33,hitmonchan,sword
107,44,hitmonchan,red-japan
107,32,hitmonchan,lets-go-eevee
107,2,hitmonchan,blue
107,45,hitmonchan,green-japan
107,10,hitmonchan,firered
107,51,hitmonchan,the-crown-tundra-shield
107,20,hitmonchan,xd
107,36,hitmonchan,the-crown-tundra-sword
107,11,hitmonchan,leafgreen
108,32,lickitung,lets-go-eevee
108,2,lickitung,blue
108,21,lickitung,black-2
108,36,lickitung,the-crown-tundra-sword
108,17,lickitung,black
108,11,lickitung,leafgreen
108,1,lickitung,red
108,50,lickitung,the-isle-of-armor-shield
108,5,lickitung,silver
108,14,lickitung,platinum
108,24,lickitung,y
108,22,lickitung,white-2
108,18,lickitung,white
108,35,lickitung,the-isle-of-armor-sword
108,13,lickitung,pearl
108,30,lickitung,ultra-moon
108,12,lickitung,diamond
108,20,lickitung,xd
108,31,lickitung,lets-go-pikachu
108,3,lickitung,yellow
108,15,lickitung,heartgold
108,23,lickitung,x
108,4,lickitung,gold
108,6,lickitung,crystal
108,10,lickitung,firered
108,29,lickitung,ultra-sun
108,16,lickitung,soulsilver
108,51,lickitung,the-crown-tundra-shield
109,44,koffing,red-japan
109,32,koffing,lets-go-eevee
109,2,koffing,blue
109,21,koffing,black-2
109,11,koffing,leafgreen
109,1,koffing,red
109,25,koffing,omega-ruby
109,5,koffing,silver
109,45,koffing,green-japan
109,14,koffing,platinum
109,7,koffing,ruby
109,22,koffing,white-2
109,15,koffing,heartgold
109,33,koffing,sword
109,34,koffing,shield
109,4,koffing,gold
109,9,koffing,emerald
109,6,koffing,crystal
109,10,koffing,firered
109,8,koffing,sapphire
109,16,koffing,soulsilver
110,1,weezing,red
110,15,weezing,heartgold
110,44,weezing,red-japan
110,32,weezing,lets-go-eevee
110,50,weezing,the-isle-of-armor-shield
110,2,weezing,blue
110,35,weezing,the-isle-of-armor-sword
110,45,weezing,green-japan
110,14,weezing,platinum
110,6,weezing,crystal
110,13,weezing,pearl
110,10,weezing,firered
110,36,weezing,the-crown-tundra-sword
110,12,weezing,diamond
110,21,weezing,black-2
110,22,weezing,white-2
110,16,weezing,soulsilver
110,51,weezing,the-crown-tundra-shield
111,27,rhyhorn,sun
111,44,rhyhorn,red-japan
111,32,rhyhorn,lets-go-eevee
111,2,rhyhorn,blue
111,11,rhyhorn,leafgreen
111,1,rhyhorn,red
111,50,rhyhorn,the-isle-of-armor-shield
111,5,rhyhorn,silver
111,45,rhyhorn,green-japan
111,14,rhyhorn,platinum
111,7,rhyhorn,ruby
111,24,rhyhorn,y
111,35,rhyhorn,the-isle-of-armor-sword
111,13,rhyhorn,pearl
111,30,rhyhorn,ultra-moon
111,12,rhyhorn,diamond
111,31,rhyhorn,lets-go-pikachu
111,3,rhyhorn,yellow
111,15,rhyhorn,heartgold
111,23,rhyhorn,x
111,33,rhyhorn,sword
111,4,rhyhorn,gold
111,34,rhyhorn,shield
111,9,rhyhorn,emerald
111,28,rhyhorn,moon
111,6,rhyhorn,crystal
111,10,rhyhorn,firered
111,8,rhyhorn,sapphire
111,29,rhyhorn,ultra-sun
111,16,rhyhorn,soulsilver
112,44,rhydon,red-japan
112,32,rhydon,lets-go-eevee
112,2,rhydon,blue
112,36,rhydon,the-crown-tundra-sword
112,1,rhydon,red
112,50,rhydon,the-isle-of-armor-shield
112,5,rhydon,silver
112,45,rhydon,green-japan
112,14,rhydon,platinum
112,24,rhydon,y
112,35,rhydon,the-isle-of-armor-sword
112,13,rhydon,pearl
112,12,rhydon,diamond
112,31,rhydon,lets-go-pikachu
112,3,rhydon,yellow
112,15,rhydon,heartgold
112,33,rhydon,sword
112,34,rhydon,shield
112,4,rhydon,gold
112,23,rhydon,x
112,6,rhydon,crystal
112,20,rhydon,xd
112,16,rhydon,soulsilver
112,51,rhydon,the-crown-tundra-shield
113,27,chansey,sun
113,44,chansey,red-japan
113,32,chansey,lets-go-eevee
113,2,chansey,blue
113,36,chansey,the-crown-tundra-sword
113,11,chansey,leafgreen
113,1,chansey,red
113,50,chansey,the-isle-of-armor-shield
113,5,chansey,silver
113,45,chansey,green-japan
113,14,chansey,platinum
113,24,chansey,y
113,35,chansey,the-isle-of-armor-sword
113,13,chansey,pearl
113,30,chansey,ultra-moon
113,12,chansey,diamond
113,20,chansey,xd
113,31,chansey,lets-go-pikachu
113,3,chansey,yellow
113,15,chansey,heartgold
113,23,chansey,x
113,4,chansey,gold
113,28,chansey,moon
113,6,chansey,crystal
113,10,chansey,firered
113,29,chansey,ultra-sun
113,16,chansey,soulsilver
113,51,chansey,the-crown-tundra-shield
114,44,tangela,red-japan
114,32,tangela,lets-go-eevee
114,2,tangela,blue
114,21,tangela,black-2
114,36,tangela,the-crown-tundra-sword
114,17,tangela,black
114,11,tangela,leafgreen
114,1,tangela,red
114,25,tangela,omega-ruby
114,50,tangela,the-isle-of-armor-shield
114,5,tangela,silver
114,45,tangela,green-japan
114,14,tangela,platinum
114,24,tangela,y
114,22,tangela,white-2
114,18,tangela,white
114,35,tangela,the-isle-of-armor-sword
114,31,tangela,lets-go-pikachu
114,3,tangela,yellow
114,15,tangela,heartgold
114,23,tangela,x
114,4,tangela,gold
114,6,tangela,crystal
114,26,tangela,alpha-sapphire
114,10,tangela,firered
114,20,tangela,xd
114,16,tangela,soulsilver
114,51,tangela,the-crown-tundra-shield
115,27,kangaskhan,sun
115,44,kangaskhan,red-japan
115,32,kangaskhan,lets-go-eevee
115,2,kangaskhan,blue
115,36,kangaskhan,the-crown-tundra-sword
115,17,kangaskhan,black
115,11,kangaskhan,leafgreen
115,1,kangaskhan,red
115,50,kangaskhan,the-isle-of-armor-shield
115,5,kangaskhan,silver
115,45,kangaskhan,green-japan
115,14,kangaskhan,platinum
115,24,kangaskhan,y
115,18,kangaskhan,white
115,35,kangaskhan,the-isle-of-armor-sword
115,13,kangaskhan,pearl
115,30,kangaskhan,ultra-moon
115,12,kangaskhan,diamond
115,20,kangaskhan,xd
115,31,kangaskhan,lets-go-pikachu
115,3,kangaskhan,yellow
115,15,kangaskhan,heartgold
115,23,kangaskhan,x
115,4,kangaskhan,gold
115,28,kangaskhan,moon
115,6,kangaskhan,crystal
115,10,kangaskhan,firered
115,29,kangaskhan,ultra-sun
115,16,kangaskhan,soulsilver
115,51,kangaskhan,the-crown-tundra-shield
116,27,horsea,sun
116,44,horsea,red-japan
116,32,horsea,lets-go-eevee
116,2,horsea,blue
116,46,horsea,blue-japan
116,21,horsea,black-2
116,11,horsea,leafgreen
116,17,horsea,black
116,1,horsea,red
116,50,horsea,the-isle-of-armor-shield
116,5,horsea,silver
116,45,horsea,green-japan
116,14,horsea,platinum
116,7,horsea,ruby
116,24,horsea,y
116,22,horsea,white-2
116,18,horsea,white
116,35,horsea,the-isle-of-armor-sword
116,13,horsea,pearl
116,30,horsea,ultra-moon
116,12,horsea,diamond
116,31,horsea,lets-go-pikachu
116,3,horsea,yellow
116,15,horsea,heartgold
116,23,horsea,x
116,4,horsea,gold
116,9,horsea,emerald
116,28,horsea,moon
116,6,horsea,crystal
116,10,horsea,firered
116,8,horsea,sapphire
116,29,horsea,ultra-sun
116,16,horsea,soulsilver
117,44,seadra,red-japan
117,32,seadra,lets-go-eevee
117,2,seadra,blue
117,21,seadra,black-2
117,36,seadra,the-crown-tundra-sword
117,17,seadra,black
117,1,seadra,red
117,50,seadra,the-isle-of-armor-shield
117,5,seadra,silver
117,45,seadra,green-japan
117,14,seadra,platinum
117,24,seadra,y
117,22,seadra,white-2
117,18,seadra,white
117,35,seadra,the-isle-of-armor-sword
117,13,seadra,pearl
117,12,seadra,diamond
117,31,seadra,lets-go-pikachu
117,3,seadra,yellow
117,15,seadra,heartgold
117,23,seadra,x
117,4,seadra,gold
117,6,seadra,crystal
117,10,seadra,firered
117,16,seadra,soulsilver
117,51,seadra,the-crown-tundra-shield
118,27,goldeen,sun
118,44,goldeen,red-japan
118,32,goldeen,lets-go-eevee
118,2,goldeen,blue
118,21,goldeen,black-2
118,11,goldeen,leafgreen
118,17,goldeen,black
118,1,goldeen,red
118,50,goldeen,the-isle-of-armor-shield
118,5,goldeen,silver
118,45,goldeen,green-japan
118,14,goldeen,platinum
118,7,goldeen,ruby
118,24,goldeen,y
118,22,goldeen,white-2
118,18,goldeen,white
118,35,goldeen,the-isle-of-armor-sword
118,13,goldeen,pearl
118,30,goldeen,ultra-moon
118,12,goldeen,diamond
118,31,goldeen,lets-go-pikachu
118,3,goldeen,yellow
118,15,goldeen,heartgold
118,23,goldeen,x
118,33,goldeen,sword
118,4,goldeen,gold
118,34,goldeen,shield
118,9,goldeen,emerald
118,28,goldeen,moon
118,6,goldeen,crystal
118,10,goldeen,firered
118,8,goldeen,sapphire
118,29,goldeen,ultra-sun
118,16,goldeen,soulsilver
119,27,seaking,sun
119,44,seaking,red-japan
119,32,seaking,lets-go-eevee
119,2,seaking,blue
119,21,seaking,black-2
119,36,seaking,the-crown-tundra-sword
119,11,seaking,leafgreen
119,17,seaking,black
119,1,seaking,red
119,50,seaking,the-isle-of-armor-shield
119,5,seaking,silver
119,45,seaking,green-japan
119,14,seaking,platinum
119,7,seaking,ruby
119,24,seaking,y
119,22,seaking,white-2
119,18,seaking,white
119,35,seaking,the-isle-of-armor-sword
119,13,seaking,pearl
119,30,seaking,ultra-moon
119,12,seaking,diamond
119,31,seaking,lets-go-pikachu
119,3,seaking,yellow
119,15,seaking,heartgold
119,23,seaking,x
119,33,seaking,sword
119,4,seaking,gold
119,34,seaking,shield
119,9,seaking,emerald
119,28,seaking,moon
119,6,seaking,crystal
119,10,seaking,firered
119,8,seaking,sapphire
119,29,seaking,ultra-sun
119,16,seaking,soulsilver
119,51,seaking,the-crown-tundra-shield
120,27,staryu,sun
120,44,staryu,red-japan
120,32,staryu,lets-go-eevee
120,2,staryu,blue
120,21,staryu,black-2
120,11,staryu,leafgreen
120,17,staryu,black
120,1,staryu,red
120,50,staryu,the-isle-of-armor-shield
120,5,staryu,silver
120,45,staryu,green-japan
120,14,staryu,platinum
120,7,staryu,ruby
120,22,staryu,white-2
120,18,staryu,white
120,35,staryu,the-isle-of-armor-sword
120,13,staryu,pearl
120,30,staryu,ultra-moon
120,12,staryu,diamond
120,31,staryu,lets-go-pikachu
120,3,staryu,yellow
120,15,staryu,heartgold
120,23,staryu,x
120,4,staryu,gold
120,9,staryu,emerald
120,28,staryu,moon
120,6,staryu,crystal
120,8,staryu,sapphire
120,29,staryu,ultra-sun
120,16,staryu,soulsilver
121,31,starmie,lets-go-pikachu
121,23,starmie,x
121,27,starmie,sun
121,32,starmie,lets-go-eevee
121,50,starmie,the-isle-of-armor-shield
121,29,starmie,ultra-sun
121,18,starmie,white
121,35,starmie,the-isle-of-armor-sword
121,28,starmie,moon
121,36,starmie,the-crown-tundra-sword
121,30,starmie,ultra-moon
121,51,starmie,the-crown-tundra-shield
121,20,starmie,xd
121,21,starmie,black-2
121,22,starmie,white-2
121,17,starmie,black
122,32,mr-mime,lets-go-eevee
122,2,mr-mime,blue
122,36,mr-mime,the-crown-tundra-sword
122,11,mr-mime,leafgreen
122,1,mr-mime,red
122,50,mr-mime,the-isle-of-armor-shield
122,5,mr-mime,silver
122,14,mr-mime,platinum
122,24,mr-mime,y
122,35,mr-mime,the-isle-of-armor-sword
122,30,mr-mime,ultra-moon
122,12,mr-mime,diamond
122,20,mr-mime,xd
122,31,mr-mime,lets-go-pikachu
122,3,mr-mime,yellow
122,15,mr-mime,heartgold
122,23,mr-mime,x
122,33,mr-mime,sword
122,4,mr-mime,gold
122,34,mr-mime,shield
122,6,mr-mime,crystal
122,10,mr-mime,firered
122,29,mr-mime,ultra-sun
122,16,mr-mime,soulsilver
122,51,mr-mime,the-crown-tundra-shield
123,27,scyther,sun
123,44,scyther,red-japan
123,36,scyther,the-crown-tundra-sword
123,1,scyther,red
123,50,scyther,the-isle-of-armor-shield
123,14,scyther,platinum
123,24,scyther,y
123,35,scyther,the-isle-of-armor-sword
123,30,scyther,ultra-moon
123,12,scyther,diamond
123,20,scyther,xd
123,31,scyther,lets-go-pikachu
123,3,scyther,yellow
123,15,scyther,heartgold
123,23,scyther,x
123,28,scyther,moon
123,10,scyther,firered
123,29,scyther,ultra-sun
123,16,scyther,soulsilver
123,51,scyther,the-crown-tundra-shield
124,32,jynx,lets-go-eevee
124,2,jynx,blue
124,36,jynx,the-crown-tundra-sword
124,17,jynx,black
124,11,jynx,leafgreen
124,1,jynx,red
124,5,jynx,silver
124,14,jynx,platinum
124,24,jynx,y
124,18,jynx,white
124,30,jynx,ultra-moon
124,31,jynx,lets-go-pikachu
124,15,jynx,heartgold
124,23,jynx,x
124,4,jynx,gold
124,6,jynx,crystal
124,10,jynx,firered
124,29,jynx,ultra-sun
124,16,jynx,soulsilver
124,51,jynx,the-crown-tundra-shield
125,27,electabuzz,sun
125,44,electabuzz,red-japan
125,32,electabuzz,lets-go-eevee
125,36,electabuzz,the-crown-tundra-sword
125,1,electabuzz,red
125,5,electabuzz,silver
125,14,electabuzz,platinum
125,24,electabuzz,y
125,30,electabuzz,ultra-moon
125,20,electabuzz,xd
125,31,electabuzz,lets-go-pikachu
125,15,electabuzz,heartgold
125,23,electabuzz,x
125,4,electabuzz,gold
125,28,electabuzz,moon
125,6,electabuzz,crystal
125,10,electabuzz,firered
125,29,electabuzz,ultra-sun
125,16,electabuzz,soulsilver
125,51,electabuzz,the-crown-tundra-shield
126,27,magmar,sun
126,32,magmar,lets-go-eevee
126,2,magmar,blue
126,36,magmar,the-crown-tundra-sword
126,11,magmar,leafgreen
126,5,magmar,silver
126,45,magmar,green-japan
126,14,magmar,platinum
126,24,magmar,y
126,30,magmar,ultra-moon
126,20,magmar,xd
126,31,magmar,lets-go-pikachu
126,15,magmar,heartgold
126,23,magmar,x
126,4,magmar,gold
126,28,magmar,moon
126,6,magmar,crystal
126,29,magmar,ultra-sun
126,16,magmar,soulsilver
126,51,magmar,the-crown-tundra-shield
127,27,pinsir,sun
127,32,pinsir,lets-go-eevee
127,2,pinsir,blue
127,21,pinsir,black-2
127,17,pinsir,black
127,11,pinsir,leafgreen
127,45,pinsir,green-japan
127,14,pinsir,platinum
127,7,pinsir,ruby
127,24,pinsir,y
127,22,pinsir,white-2
127,18,pinsir,white
127,35,pinsir,the-isle-of-armor-sword
127,13,pinsir,pearl
127,30,pinsir,ultra-moon
127,20,pinsir,xd
127,3,pinsir,yellow
127,15,pinsir,heartgold
127,23,pinsir,x
127,9,pinsir,emerald
127,28,pinsir,moon
127,8,pinsir,sapphire
127,29,pinsir,ultra-sun
127,16,pinsir,soulsilver
128,27,tauros,sun
128,44,tauros,red-japan
128,32,tauros,lets-go-eevee
128,2,tauros,blue
128,36,tauros,the-crown-tundra-sword
128,11,tauros,leafgreen
128,1,tauros,red
128,50,tauros,the-isle-of-armor-shield
128,5,tauros,silver
128,45,tauros,green-japan
128,14,tauros,platinum
128,24,tauros,y
128,35,tauros,the-isle-of-armor-sword
128,13,tauros,pearl
128,30,tauros,ultra-moon
128,12,tauros,diamond
128,20,tauros,xd
128,31,tauros,lets-go-pikachu
128,3,tauros,yellow
128,15,tauros,heartgold
128,23,tauros,x
128,4,tauros,gold
128,28,tauros,moon
128,6,tauros,crystal
128,10,tauros,firered
128,29,tauros,ultra-sun
128,16,tauros,soulsilver
128,51,tauros,the-crown-tundra-shield
129,27,magikarp,sun
129,44,magikarp,red-japan
129,32,magikarp,lets-go-eevee
129,2,magikarp,blue
129,21,magikarp,black-2
129,36,magikarp,the-crown-tundra-sword
129,11,magikarp,leafgreen
129,17,magikarp,black
129,1,magikarp,red
129,50,magikarp,the-isle-of-armor-shield
129,5,magikarp,silver
129,45,magikarp,green-japan
129,14,magikarp,platinum
129,7,magikarp,ruby
129,24,magikarp,y
129,22,magikarp,white-2
129,18,magikarp,white
129,35,magikarp,the-isle-of-armor-sword
129,13,magikarp,pearl
129,30,magikarp,ultra-moon
129,12,magikarp,diamond
129,31,magikarp,lets-go-pikachu
129,3,magikarp,yellow
129,15,magikarp,heartgold
129,23,magikarp,x
129,33,magikarp,sword
129,4,magikarp,gold
129,34,magikarp,shield
129,9,magikarp,emerald
129,28,magikarp,moon
129,6,magikarp,crystal
129,10,magikarp,firered
129,8,magikarp,sapphire
129,29,magikarp,ultra-sun
129,16,magikarp,soulsilver
129,51,magikarp,the-crown-tundra-shield
130,27,gyarados,sun
130,32,gyarados,lets-go-eevee
130,21,gyarados,black-2
130,36,gyarados,the-crown-tundra-sword
130,11,gyarados,leafgreen
130,50,gyarados,the-isle-of-armor-shield
130,5,gyarados,silver
130,14,gyarados,platinum
130,7,gyarados,ruby
130,24,gyarados,y
130,22,gyarados,white-2
130,35,gyarados,the-isle-of-armor-sword
130,13,gyarados,pearl
130,30,gyarados,ultra-moon
130,12,gyarados,diamond
130,31,gyarados,lets-go-pikachu
130,3,gyarados,yellow
130,15,gyarados,heartgold
130,23,gyarados,x
130,33,gyarados,sword
130,4,gyarados,gold
130,34,gyarados,shield
130,9,gyarados,emerald
130,28,gyarados,moon
130,6,gyarados,crystal
130,10,gyarados,firered
130,8,gyarados,sapphire
130,29,gyarados,ultra-sun
130,16,gyarados,soulsilver
130,51,gyarados,the-crown-tundra-shield
131,27,lapras,sun
131,44,lapras,red-japan
131,32,lapras,lets-go-eevee
131,2,lapras,blue
131,21,lapras,black-2
131,36,lapras,the-crown-tundra-sword
131,17,lapras,black
131,11,lapras,leafgreen
131,1,lapras,red
131,5,lapras,silver
131,45,lapras,green-japan
131,14,lapras,platinum
131,24,lapras,y
131,22,lapras,white-2
131,18,lapras,white
131,13,lapras,pearl
131,30,lapras,ultra-moon
131,12,lapras,diamond
131,20,lapras,xd
131,31,lapras,lets-go-pikachu
131,3,lapras,yellow
131,15,lapras,heartgold
131,23,lapras,x
131,33,lapras,sword
131,4,lapras,gold
131,34,lapras,shield
131,28,lapras,moon
131,6,lapras,crystal
131,10,lapras,firered
131,29,lapras,ultra-sun
131,16,lapras,soulsilver
131,51,lapras,the-crown-tundra-shield
132,27,ditto,sun
132,44,ditto,red-japan
132,32,ditto,lets-go-eevee
132,2,ditto,blue
132,21,ditto,black-2
132,36,ditto,the-crown-tundra-sword
132,17,ditto,black
132,11,ditto,leafgreen
132,1,ditto,red
132,25,ditto,omega-ruby
132,50,ditto,the-isle-of-armor-shield
132,5,ditto,silver
132,45,ditto,green-japan
132,14,ditto,platinum
132,24,ditto,y
132,22,ditto,white-2
132,18,ditto,white
132,35,ditto,the-isle-of-armor-sword
132,13,ditto,pearl
132,30,ditto,ultra-moon
132,12,ditto,diamond
132,31,ditto,lets-go-pikachu
132,3,ditto,yellow
132,15,ditto,heartgold
132,23,ditto,x
132,33,ditto,sword
132,4,ditto,gold
132,34,ditto,shield
132,9,ditto,emerald
132,28,ditto,moon
132,6,ditto,crystal
132,26,ditto,alpha-sapphire
132,10,ditto,firered
132,29,ditto,ultra-sun
132,16,ditto,soulsilver
132,51,ditto,the-crown-tundra-shield
133,27,eevee,sun
133,44,eevee,red-japan
133,32,eevee,lets-go-eevee
133,2,eevee,blue
133,21,eevee,black-2
133,36,eevee,the-crown-tundra-sword
133,11,eevee,leafgreen
133,1,eevee,red
133,5,eevee,silver
133,45,eevee,green-japan
133,14,eevee,platinum
133,24,eevee,y
133,22,eevee,white-2
133,13,eevee,pearl
133,30,eevee,ultra-moon
133,12,eevee,diamond
133,20,eevee,xd
133,31,eevee,lets-go-pikachu
133,3,eevee,yellow
133,23,eevee,x
133,15,eevee,heartgold
133,33,eevee,sword
133,4,eevee,gold
133,34,eevee,shield
133,28,eevee,moon
133,6,eevee,crystal
133,10,eevee,firered
133,29,eevee,ultra-sun
133,16,eevee,soulsilver
133,51,eevee,the-crown-tundra-shield
134,34,vaporeon,shield
134,33,vaporeon,sword
134,36,vaporeon,the-crown-tundra-sword
134,51,vaporeon,the-crown-tundra-shield
135,34,jolteon,shield
135,33,jolteon,sword
135,36,jolteon,the-crown-tundra-sword
135,51,jolteon,the-crown-tundra-shield
136,34,flareon,shield
136,33,flareon,sword
136,36,flareon,the-crown-tundra-sword
136,51,flareon,the-crown-tundra-shield
137,27,porygon,sun
137,44,porygon,red-japan
137,32,porygon,lets-go-eevee
137,2,porygon,blue
137,46,porygon,blue-japan
137,36,porygon,the-crown-tundra-sword
137,11,porygon,leafgreen
137,1,porygon,red
137,25,porygon,omega-ruby
137,50,porygon,the-isle-of-armor-shield
137,5,porygon,silver
137,45,porygon,green-japan
137,14,porygon,platinum
137,35,porygon,the-isle-of-armor-sword
137,13,porygon,pearl
137,30,porygon,ultra-moon
137,12,porygon,diamond
137,31,porygon,lets-go-pikachu
137,3,porygon,yellow
137,15,porygon,heartgold
137,4,porygon,gold
137,28,porygon,moon
137,6,porygon,crystal
137,26,porygon,alpha-sapphire
137,10,porygon,firered
137,29,porygon,ultra-sun
137,16,porygon,soulsilver
137,51,porygon,the-crown-tundra-shield
138,44,omanyte,red-japan
138,32,omanyte,lets-go-eevee
138,2,omanyte,blue
138,36,omanyte,the-crown-tundra-sword
138,21,omanyte,black-2
138,17,omanyte,black
138,11,omanyte,leafgreen
138,1,omanyte,red
138,45,omanyte,green-japan
138,14,omanyte,platinum
138,22,omanyte,white-2
138,18,omanyte,white
138,13,omanyte,pearl
138,30,omanyte,ultra-moon
138,12,omanyte,diamond
138,31,omanyte,lets-go-pikachu
138,3,omanyte,yellow
138,15,omanyte,heartgold
138,10,omanyte,firered
138,29,omanyte,ultra-sun
138,16,omanyte,soulsilver
139,36,omastar,the-crown-tundra-sword
140,44,kabuto,red-japan
140,32,kabuto,lets-go-eevee
140,2,kabuto,blue
140,21,kabuto,black-2
140,17,kabuto,black
140,11,kabuto,leafgreen
140,1,kabuto,red
140,45,kabuto,green-japan
140,14,kabuto,platinum
140,22,kabuto,white-2
140,18,kabuto,white
140,13,kabuto,pearl
140,30,kabuto,ultra-moon
140,12,kabuto,diamond
140,31,kabuto,lets-go-pikachu
140,3,kabuto,yellow
140,15,kabuto,heartgold
140,10,kabuto,firered
140,29,kabuto,ultra-sun
140,16,kabuto,soulsilver
140,51,kabuto,the-crown-tundra-shield
141,51,kabutops,the-crown-tundra-shield
142,27,aerodactyl,sun
142,44,aerodactyl,red-japan
142,32,aerodactyl,lets-go-eevee
142,2,aerodactyl,blue
142,36,aerodactyl,the-crown-tundra-sword
142,21,aerodactyl,black-2
142,11,aerodactyl,leafgreen
142,17,aerodactyl,black
142,1,aerodactyl,red
142,5,aerodactyl,silver
142,45,aerodactyl,green-japan
142,14,aerodactyl,platinum
142,22,aerodactyl,white-2
142,18,aerodactyl,white
142,13,aerodactyl,pearl
142,30,aerodactyl,ultra-moon
142,12,aerodactyl,diamond
142,31,aerodactyl,lets-go-pikachu
142,3,aerodactyl,yellow
142,15,aerodactyl,heartgold
142,4,aerodactyl,gold
142,28,aerodactyl,moon
142,6,aerodactyl,crystal
142,10,aerodactyl,firered
142,29,aerodactyl,ultra-sun
142,16,aerodactyl,soulsilver
142,51,aerodactyl,the-crown-tundra-shield
143,27,snorlax,sun
143,44,snorlax,red-japan
143,32,snorlax,lets-go-eevee
143,2,snorlax,blue
143,36,snorlax,the-crown-tundra-sword
143,11,snorlax,leafgreen
143,1,snorlax,red
143,5,snorlax,silver
143,45,snorlax,green-japan
143,24,snorlax,y
143,31,snorlax,lets-go-pikachu
143,3,snorlax,yellow
143,15,snorlax,heartgold
143,23,snorlax,x
143,33,snorlax,sword
143,4,snorlax,gold
143,34,snorlax,shield
143,28,snorlax,moon
143,6,snorlax,crystal
143,10,snorlax,firered
143,20,snorlax,xd
143,16,snorlax,soulsilver
143,51,snorlax,the-crown-tundra-shield
144,44,articuno,red-japan
144,32,articuno,lets-go-eevee
144,2,articuno,blue
144,36,articuno,the-crown-tundra-sword
144,11,articuno,leafgreen
144,1,articuno,red
144,45,articuno,green-japan
144,14,articuno,platinum
144,24,articuno,y
144,30,articuno,ultra-moon
144,20,articuno,xd
144,31,articuno,lets-go-pikachu
144,3,articuno,yellow
144,15,articuno,heartgold
144,23,articuno,x
144,10,articuno,firered
144,29,articuno,ultra-sun
144,16,articuno,soulsilver
144,51,articuno,the-crown-tundra-shield
145,44,zapdos,red-japan
145,32,zapdos,lets-go-eevee
145,2,zapdos,blue
145,36,zapdos,the-crown-tundra-sword
145,11,zapdos,leafgreen
145,1,zapdos,red
145,45,zapdos,green-japan
145,14,zapdos,platinum
145,24,zapdos,y
145,30,zapdos,ultra-moon
145,20,zapdos,xd
145,31,zapdos,lets-go-pikachu
145,3,zapdos,yellow
145,15,zapdos,heartgold
145,23,zapdos,x
145,10,zapdos,firered
145,29,zapdos,ultra-sun
145,16,zapdos,soulsilver
145,51,zapdos,the-crown-tundra-shield
146,44,moltres,red-japan
146,32,moltres,lets-go-eevee
146,2,moltres,blue
146,36,moltres,the-crown-tundra-sword
146,11,moltres,leafgreen
146,1,moltres,red
146,45,moltres,green-japan
146,14,moltres,platinum
146,24,moltres,y
146,30,moltres,ultra-moon
146,20,moltres,xd
146,31,moltres,lets-go-pikachu
146,3,moltres,yellow
146,15,moltres,heartgold
146,23,moltres,x
146,10,moltres,firered
146,29,moltres,ultra-sun
146,16,moltres,soulsilver
146,51,moltres,the-crown-tundra-shield
147,27,dratini,sun
147,44,dratini,red-japan
147,32,dratini,lets-go-eevee
147,2,dratini,blue
147,21,dratini,black-2
147,36,dratini,the-crown-tundra-sword
147,17,dratini,black
147,11,dratini,leafgreen
147,1,dratini,red
147,5,dratini,silver
147,45,dratini,green-japan
147,14,dratini,platinum
147,24,dratini,y
147,22,dratini,white-2
147,18,dratini,white
147,13,dratini,pearl
147,30,dratini,ultra-moon
147,12,dratini,diamond
147,31,dratini,lets-go-pikachu
147,3,dratini,yellow
147,15,dratini,heartgold
147,23,dratini,x
147,4,dratini,gold
147,28,dratini,moon
147,6,dratini,crystal
147,10,dratini,firered
147,29,dratini,ultra-sun
147,16,dratini,soulsilver
147,51,dratini,the-crown-tundra-shield
148,27,dragonair,sun
148,32,dragonair,lets-go-eevee
148,46,dragonair,blue-japan
148,21,dragonair,black-2
148,36,dragonair,the-crown-tundra-sword
148,17,dragonair,black
148,11,dragonair,leafgreen
148,5,dragonair,silver
148,14,dragonair,platinum
148,24,dragonair,y
148,22,dragonair,white-2
148,18,dragonair,white
148,13,dragonair,pearl
148,30,dragonair,ultra-moon
148,12,dragonair,diamond
148,31,dragonair,lets-go-pikachu
148,3,dragonair,yellow
148,15,dragonair,heartgold
148,23,dragonair,x
148,4,dragonair,gold
148,28,dragonair,moon
148,6,dragonair,crystal
148,10,dragonair,firered
148,29,dragonair,ultra-sun
148,16,dragonair,soulsilver
148,51,dragonair,the-crown-tundra-shield
149,31,dragonite,lets-go-pikachu
149,27,dragonite,sun
149,32,dragonite,lets-go-eevee
149,29,dragonite,ultra-sun
149,18,dragonite,white
149,28,dragonite,moon
149,36,dragonite,the-crown-tundra-sword
149,30,dragonite,ultra-moon
149,51,dragonite,the-crown-tundra-shield
149,20,dragonite,xd
149,21,dragonite,black-2
149,22,dragonite,white-2
149,17,dragonite,black
150,31,mewtwo,lets-go-pikachu
150,1,mewtwo,red
150,3,mewtwo,yellow
150,15,mewtwo,heartgold
150,23,mewtwo,x
150,44,mewtwo,red-japan
150,32,mewtwo,lets-go-eevee
150,29,mewtwo,ultra-sun
150,2,mewtwo,blue
150,45,mewtwo,green-japan
150,10,mewtwo,firered
150,30,mewtwo,ultra-moon
150,51,mewtwo,the-crown-tundra-shield
150,24,mewtwo,y
150,36,mewtwo,the-crown-tundra-sword
150,16,mewtwo,soulsilver
150,11,mewtwo,leafgreen
151,9,mew,emerald
152,15,chikorita,heartgold
152,4,chikorita,gold
152,25,chikorita,omega-ruby
152,27,chikorita,sun
152,5,chikorita,silver
152,9,chikorita,emerald
152,28,chikorita,moon
152,6,chikorita,crystal
152,26,chikorita,alpha-sapphire
152,20,chikorita,xd
152,16,chikorita,soulsilver
153,19,bayleef,colosseum
155,15,cyndaquil,heartgold
155,4,cyndaquil,gold
155,25,cyndaquil,omega-ruby
155,27,cyndaquil,sun
155,5,cyndaquil,silver
155,9,cyndaquil,emerald
155,28,cyndaquil,moon
155,6,cyndaquil,crystal
155,26,cyndaquil,alpha-sapphire
155,20,cyndaquil,xd
155,16,cyndaquil,soulsilver
156,19,quilava,colosseum
158,15,totodile,heartgold
158,4,totodile,gold
158,25,totodile,omega-ruby
158,27,totodile,sun
158,5,totodile,silver
158,9,totodile,emerald
158,28,totodile,moon
158,6,totodile,crystal
158,26,totodile,alpha-sapphire
158,20,totodile,xd
158,16,totodile,soulsilver
159,19,croconaw,colosseum
161,15,sentret,heartgold
161,23,sentret,x
161,4,sentret,gold
161,5,sentret,silver
161,14,sentret,platinum
161,13,sentret,pearl
161,6,sentret,crystal
161,10,sentret,firered
161,12,sentret,diamond
161,24,sentret,y
161,16,sentret,soulsilver
161,11,sentret,leafgreen
162,15,furret,heartgold
162,4,furret,gold
162,5,furret,silver
162,6,furret,crystal
162,19,furret,colosseum
162,16,furret,soulsilver
163,15,hoothoot,heartgold
163,33,hoothoot,sword
163,34,hoothoot,shield
163,4,hoothoot,gold
163,23,hoothoot,x
163,50,hoothoot,the-isle-of-armor-shield
163,5,hoothoot,silver
163,9,hoothoot,emerald
163,35,hoothoot,the-isle-of-armor-sword
163,14,hoothoot,platinum
163,13,hoothoot,pearl
163,6,hoothoot,crystal
163,30,hoothoot,ultra-moon
163,12,hoothoot,diamond
163,24,hoothoot,y
163,29,hoothoot,ultra-sun
163,16,hoothoot,soulsilver
164,36,noctowl,the-crown-tundra-sword
164,21,noctowl,black-2
164,17,noctowl,black
164,50,noctowl,the-isle-of-armor-shield
164,5,noctowl,silver
164,14,noctowl,platinum
164,24,noctowl,y
164,19,noctowl,colosseum
164,22,noctowl,white-2
164,18,noctowl,white
164,35,noctowl,the-isle-of-armor-sword
164,13,noctowl,pearl
164,30,noctowl,ultra-moon
164,12,noctowl,diamond
164,15,noctowl,heartgold
164,23,noctowl,x
164,33,noctowl,sword
164,4,noctowl,gold
164,34,noctowl,shield
164,6,noctowl,crystal
164,29,noctowl,ultra-sun
164,16,noctowl,soulsilver
164,51,noctowl,the-crown-tundra-shield
165,23,ledyba,x
165,27,ledyba,sun
165,5,ledyba,silver
165,9,ledyba,emerald
165,28,ledyba,moon
165,6,ledyba,crystal
165,10,ledyba,firered
165,30,ledyba,ultra-moon
165,20,ledyba,xd
165,24,ledyba,y
165,29,ledyba,ultra-sun
165,16,ledyba,soulsilver
165,11,ledyba,leafgreen
166,27,ledian,sun
166,5,ledian,silver
166,18,ledian,white
166,28,ledian,moon
166,14,ledian,platinum
166,6,ledian,crystal
166,13,ledian,pearl
166,30,ledian,ultra-moon
166,12,ledian,diamond
166,19,ledian,colosseum
166,29,ledian,ultra-sun
166,16,ledian,soulsilver
166,17,ledian,black
167,15,spinarak,heartgold
167,4,spinarak,gold
167,27,spinarak,sun
167,9,spinarak,emerald
167,28,spinarak,moon
167,6,spinarak,crystal
167,10,spinarak,firered
167,30,spinarak,ultra-moon
167,20,spinarak,xd
167,29,spinarak,ultra-sun
167,11,spinarak,leafgreen
168,15,ariados,heartgold
168,23,ariados,x
168,4,ariados,gold
168,25,ariados,omega-ruby
168,27,ariados,sun
168,18,ariados,white
168,28,ariados,moon
168,19,ariados,colosseum
168,14,ariados,platinum
168,6,ariados,crystal
168,13,ariados,pearl
168,26,ariados,alpha-sapphire
168,30,ariados,ultra-moon
168,12,ariados,diamond
168,24,ariados,y
168,29,ariados,ultra-sun
168,17,ariados,black
169,27,crobat,sun
169,18,crobat,white
169,28,crobat,moon
169,36,crobat,the-crown-tundra-sword
169,21,crobat,black-2
169,30,crobat,ultra-moon
169,51,crobat,the-crown-tundra-shield
169,29,crobat,ultra-sun
169,22,crobat,white-2
169,17,crobat,black
170,27,chinchou,sun
170,21,chinchou,black-2
170,17,chinchou,black
170,50,chinchou,the-isle-of-armor-shield
170,5,chinchou,silver
170,14,chinchou,platinum
170,7,chinchou,ruby
170,24,chinchou,y
170,22,chinchou,white-2
170,18,chinchou,white
170,35,chinchou,the-isle-of-armor-sword
170,13,chinchou,pearl
170,30,chinchou,ultra-moon
170,12,chinchou,diamond
170,15,chinchou,heartgold
170,23,chinchou,x
170,33,chinchou,sword
170,4,chinchou,gold
170,34,chinchou,shield
170,9,chinchou,emerald
170,28,chinchou,moon
170,6,chinchou,crystal
170,8,chinchou,sapphire
170,29,chinchou,ultra-sun
170,16,chinchou,soulsilver
171,36,lanturn,the-crown-tundra-sword
171,21,lanturn,black-2
171,17,lanturn,black
171,50,lanturn,the-isle-of-armor-shield
171,5,lanturn,silver
171,24,lanturn,y
171,22,lanturn,white-2
171,18,lanturn,white
171,35,lanturn,the-isle-of-armor-sword
171,13,lanturn,pearl
171,30,lanturn,ultra-moon
171,12,lanturn,diamond
171,15,lanturn,heartgold
171,23,lanturn,x
171,33,lanturn,sword
171,4,lanturn,gold
171,34,lanturn,shield
171,6,lanturn,crystal
171,29,lanturn,ultra-sun
171,16,lanturn,soulsilver
171,51,lanturn,the-crown-tundra-shield
172,33,pichu,sword
172,34,pichu,shield
172,27,pichu,sun
172,50,pichu,the-isle-of-armor-shield
172,35,pichu,the-isle-of-armor-sword
172,28,pichu,moon
172,14,pichu,platinum
172,6,pichu,crystal
172,13,pichu,pearl
172,30,pichu,ultra-moon
172,12,pichu,diamond
172,29,pichu,ultra-sun
173,33,cleffa,sword
173,34,cleffa,shield
173,27,cleffa,sun
173,50,cleffa,the-isle-of-armor-shield
173,35,cleffa,the-isle-of-armor-sword
173,28,cleffa,moon
173,36,cleffa,the-crown-tundra-sword
173,14,cleffa,platinum
173,6,cleffa,crystal
173,13,cleffa,pearl
173,30,cleffa,ultra-moon
173,12,cleffa,diamond
173,29,cleffa,ultra-sun
173,51,cleffa,the-crown-tundra-shield
174,27,igglybuff,sun
174,50,igglybuff,the-isle-of-armor-shield
174,35,igglybuff,the-isle-of-armor-sword
174,28,igglybuff,moon
174,14,igglybuff,platinum
174,6,igglybuff,crystal
174,13,igglybuff,pearl
174,30,igglybuff,ultra-moon
174,12,igglybuff,diamond
174,29,igglybuff,ultra-sun
175,24,togepi,y
175,15,togepi,heartgold
175,33,togepi,sword
175,34,togepi,shield
175,4,togepi,gold
175,23,togepi,x
175,25,togepi,omega-ruby
175,5,togepi,silver
175,14,togepi,platinum
175,13,togepi,pearl
175,6,togepi,crystal
175,10,togepi,firered
175,26,togepi,alpha-sapphire
175,12,togepi,diamond
175,19,togepi,colosseum
175,20,togepi,xd
175,16,togepi,soulsilver
175,11,togepi,leafgreen
176,34,togetic,shield
176,33,togetic,sword
176,19,togetic,colosseum
176,36,togetic,the-crown-tundra-sword
176,51,togetic,the-crown-tundra-shield
177,15,natu,heartgold
177,33,natu,sword
177,34,natu,shield
177,4,natu,gold
177,5,natu,silver
177,9,natu,emerald
177,14,natu,platinum
177,13,natu,pearl
177,6,natu,crystal
177,7,natu,ruby
177,10,natu,firered
177,8,natu,sapphire
177,12,natu,diamond
177,30,natu,ultra-moon
177,29,natu,ultra-sun
177,20,natu,xd
177,16,natu,soulsilver
177,11,natu,leafgreen
178,34,xatu,shield
178,33,xatu,sword
178,15,xatu,heartgold
178,23,xatu,x
178,25,xatu,omega-ruby
178,29,xatu,ultra-sun
178,9,xatu,emerald
178,7,xatu,ruby
178,6,xatu,crystal
178,26,xatu,alpha-sapphire
178,30,xatu,ultra-moon
178,8,xatu,sapphire
178,24,xatu,y
178,36,xatu,the-crown-tundra-sword
178,16,xatu,soulsilver
178,51,xatu,the-crown-tundra-shield
179,15,mareep,heartgold
179,23,mareep,x
179,4,mareep,gold
179,29,mareep,ultra-sun
179,5,mareep,silver
179,9,mareep,emerald
179,19,mareep,colosseum
179,14,mareep,platinum
179,13,mareep,pearl
179,20,mareep,xd
179,10,mareep,firered
179,30,mareep,ultra-moon
179,12,mareep,diamond
179,24,mareep,y
179,21,mareep,black-2
179,22,mareep,white-2
179,16,mareep,soulsilver
179,11,mareep,leafgreen
180,15,flaaffy,heartgold
180,4,flaaffy,gold
180,5,flaaffy,silver
180,14,flaaffy,platinum
180,13,flaaffy,pearl
180,30,flaaffy,ultra-moon
180,12,flaaffy,diamond
180,19,flaaffy,colosseum
180,29,flaaffy,ultra-sun
180,16,flaaffy,soulsilver
182,34,bellossom,shield
182,33,bellossom,sword
182,36,bellossom,the-crown-tundra-sword
182,51,bellossom,the-crown-tundra-shield
183,27,marill,sun
183,21,marill,black-2
183,11,marill,leafgreen
183,25,marill,omega-ruby
183,50,marill,the-isle-of-armor-shield
183,5,marill,silver
183,14,marill,platinum
183,7,marill,ruby
183,24,marill,y
183,22,marill,white-2
183,35,marill,the-isle-of-armor-sword
183,13,marill,pearl
183,12,marill,diamond
183,15,marill,heartgold
183,23,marill,x
183,4,marill,gold
183,9,marill,emerald
183,28,marill,moon
183,6,marill,crystal
183,26,marill,alpha-sapphire
183,8,marill,sapphire
183,16,marill,soulsilver
184,23,azumarill,x
184,50,azumarill,the-isle-of-armor-shield
184,35,azumarill,the-isle-of-armor-sword
184,36,azumarill,the-crown-tundra-sword
184,14,azumarill,platinum
184,24,azumarill,y
184,21,azumarill,black-2
184,22,azumarill,white-2
184,51,azumarill,the-crown-tundra-shield
185,27,sudowoodo,sun
185,36,sudowoodo,the-crown-tundra-sword
185,50,sudowoodo,the-isle-of-armor-shield
185,5,sudowoodo,silver
185,14,sudowoodo,platinum
185,19,sudowoodo,colosseum
185,24,sudowoodo,y
185,35,sudowoodo,the-isle-of-armor-sword
185,13,sudowoodo,pearl
185,30,sudowoodo,ultra-moon
185,15,sudowoodo,heartgold
185,23,sudowoodo,x
185,33,sudowoodo,sword
185,4,sudowoodo,gold
185,34,sudowoodo,shield
185,9,sudowoodo,emerald
185,28,sudowoodo,moon
185,6,sudowoodo,crystal
185,29,sudowoodo,ultra-sun
185,16,sudowoodo,soulsilver
185,51,sudowoodo,the-crown-tundra-shield
186,23,politoed,x
186,27,politoed,sun
186,50,politoed,the-isle-of-armor-shield
186,29,politoed,ultra-sun
186,18,politoed,white
186,35,politoed,the-isle-of-armor-sword
186,28,politoed,moon
186,36,politoed,the-crown-tundra-sword
186,30,politoed,ultra-moon
186,51,politoed,the-crown-tundra-shield
186,24,politoed,y
186,21,politoed,black-2
186,22,politoed,white-2
186,17,politoed,black
187,15,hoppip,heartgold
187,23,hoppip,x
187,4,hoppip,gold
187,5,hoppip,silver
187,14,hoppip,platinum
187,6,hoppip,crystal
187,13,hoppip,pearl
187,10,hoppip,firered
187,12,hoppip,diamond
187,24,hoppip,y
187,20,hoppip,xd
187,16,hoppip,soulsilver
187,11,hoppip,leafgreen
188,15,skiploom,heartgold
188,4,skiploom,gold
188,5,skiploom,silver
188,6,skiploom,crystal
188,13,skiploom,pearl
188,12,skiploom,diamond
188,19,skiploom,colosseum
188,16,skiploom,soulsilver
189,15,jumpluff,heartgold
189,16,jumpluff,soulsilver
190,24,aipom,y
190,15,aipom,heartgold
190,23,aipom,x
190,4,aipom,gold
190,5,aipom,silver
190,9,aipom,emerald
190,14,aipom,platinum
190,13,aipom,pearl
190,6,aipom,crystal
190,10,aipom,firered
190,30,aipom,ultra-moon
190,12,aipom,diamond
190,19,aipom,colosseum
190,29,aipom,ultra-sun
190,16,aipom,soulsilver
190,11,aipom,leafgreen
191,15,sunkern,heartgold
191,23,sunkern,x
191,4,sunkern,gold
191,25,sunkern,omega-ruby
191,5,sunkern,silver
191,9,sunkern,emerald
191,18,sunkern,white
191,14,sunkern,platinum
191,13,sunkern,pearl
191,6,sunkern,crystal
191,26,sunkern,alpha-sapphire
191,12,sunkern,diamond
191,24,sunkern,y
191,21,sunkern,black-2
191,22,sunkern,white-2
191,16,sunkern,soulsilver
191,17,sunkern,black
192,19,sunflora,colosseum
192,18,sunflora,white
192,17,sunflora,black
193,15,yanma,heartgold
193,23,yanma,x
193,4,yanma,gold
193,5,yanma,silver
193,19,yanma,colosseum
193,14,yanma,platinum
193,13,yanma,pearl
193,6,yanma,crystal
193,10,yanma,firered
193,12,yanma,diamond
193,24,yanma,y
193,21,yanma,black-2
193,22,yanma,white-2
193,16,yanma,soulsilver
193,11,yanma,leafgreen
194,15,wooper,heartgold
194,33,wooper,sword
194,34,wooper,shield
194,4,wooper,gold
194,23,wooper,x
194,50,wooper,the-isle-of-armor-shield
194,5,wooper,silver
194,9,wooper,emerald
194,35,wooper,the-isle-of-armor-sword
194,14,wooper,platinum
194,13,wooper,pearl
194,6,wooper,crystal
194,10,wooper,firered
194,12,wooper,diamond
194,24,wooper,y
194,20,wooper,xd
194,16,wooper,soulsilver
195,36,quagsire,the-crown-tundra-sword
195,50,quagsire,the-isle-of-armor-shield
195,5,quagsire,silver
195,14,quagsire,platinum
195,24,quagsire,y
195,19,quagsire,colosseum
195,35,quagsire,the-isle-of-armor-sword
195,13,quagsire,pearl
195,30,quagsire,ultra-moon
195,12,quagsire,diamond
195,15,quagsire,heartgold
195,23,quagsire,x
195,33,quagsire,sword
195,4,quagsire,gold
195,34,quagsire,shield
195,9,quagsire,emerald
195,6,quagsire,crystal
195,29,quagsire,ultra-sun
195,16,quagsire,soulsilver
195,51,quagsire,the-crown-tundra-shield
196,34,espeon,shield
196,33,espeon,sword
196,27,espeon,sun
196,29,espeon,ultra-sun
196,28,espeon,moon
196,30,espeon,ultra-moon
196,19,espeon,colosseum
196,36,espeon,the-crown-tundra-sword
196,51,espeon,the-crown-tundra-shield
197,34,umbreon,shield
197,33,umbreon,sword
197,27,umbreon,sun
197,29,umbreon,ultra-sun
197,28,umbreon,moon
197,30,umbreon,ultra-moon
197,19,umbreon,colosseum
197,36,umbreon,the-crown-tundra-sword
197,51,umbreon,the-crown-tundra-shield
198,15,murkrow,heartgold
198,23,murkrow,x
198,4,murkrow,gold
198,27,murkrow,sun
198,5,murkrow,silver
198,28,murkrow,moon
198,19,murkrow,colosseum
198,6,murkrow,crystal
198,10,murkrow,firered
198,30,murkrow,ultra-moon
198,21,murkrow,black-2
198,12,murkrow,diamond
198,24,murkrow,y
198,29,murkrow,ultra-sun
198,22,murkrow,white-2
198,16,murkrow,soulsilver
198,17,murkrow,black
199,18,slowking,white
199,36,slowking,the-crown-tundra-sword
199,30,slowking,ultra-moon
199,17,slowking,black
199,29,slowking,ultra-sun
199,51,slowking,the-crown-tundra-shield
200,15,misdreavus,heartgold
200,4,misdreavus,gold
200,27,misdreavus,sun
200,5,misdreavus,silver
200,18,misdreavus,white
200,28,misdreavus,moon
200,6,misdreavus,crystal
200,13,misdreavus,pearl
200,30,misdreavus,ultra-moon
200,19,misdreavus,colosseum
200,29,misdreavus,ultra-sun
200,16,misdreavus,soulsilver
200,11,misdreavus,leafgreen
201,15,unown,heartgold
201,4,unown,gold
201,25,unown,omega-ruby
201,5,unown,silver
201,14,unown,platinum
201,13,unown,pearl
201,6,unown,crystal
201,10,unown,firered
201,26,unown,alpha-sapphire
201,12,unown,diamond
201,16,unown,soulsilver
201,11,unown,leafgreen
202,15,wobbuffet,heartgold
202,23,wobbuffet,x
202,33,wobbuffet,sword
202,4,wobbuffet,gold
202,34,wobbuffet,shield
202,5,wobbuffet,silver
202,9,wobbuffet,emerald
202,14,wobbuffet,platinum
202,13,wobbuffet,pearl
202,6,wobbuffet,crystal
202,10,wobbuffet,firered
202,7,wobbuffet,ruby
202,8,wobbuffet,sapphire
202,12,wobbuffet,diamond
202,24,wobbuffet,y
202,16,wobbuffet,soulsilver
202,11,wobbuffet,leafgreen
203,15,girafarig,heartgold
203,23,girafarig,x
203,4,girafarig,gold
203,25,girafarig,omega-ruby
203,5,girafarig,silver
203,9,girafarig,emerald
203,14,girafarig,platinum
203,13,girafarig,pearl
203,7,girafarig,ruby
203,26,girafarig,alpha-sapphire
203,8,girafarig,sapphire
203,12,girafarig,diamond
203,24,girafarig,y
203,21,girafarig,black-2
203,22,girafarig,white-2
203,16,girafarig,soulsilver
204,15,pineco,heartgold
204,4,pineco,gold
204,5,pineco,silver
204,9,pineco,emerald
204,14,pineco,platinum
204,13,pineco,pearl
204,6,pineco,crystal
204,10,pineco,firered
204,30,pineco,ultra-moon
204,12,pineco,diamond
204,29,pineco,ultra-sun
204,20,pineco,xd
204,16,pineco,soulsilver
204,11,pineco,leafgreen
205,23,forretress,x
205,25,forretress,omega-ruby
205,19,forretress,colosseum
205,26,forretress,alpha-sapphire
205,24,forretress,y
206,36,dunsparce,the-crown-tundra-sword
206,21,dunsparce,black-2
206,17,dunsparce,black
206,11,dunsparce,leafgreen
206,50,dunsparce,the-isle-of-armor-shield
206,5,dunsparce,silver
206,14,dunsparce,platinum
206,24,dunsparce,y
206,19,dunsparce,colosseum
206,22,dunsparce,white-2
206,18,dunsparce,white
206,35,dunsparce,the-isle-of-armor-sword
206,13,dunsparce,pearl
206,30,dunsparce,ultra-moon
206,12,dunsparce,diamond
206,15,dunsparce,heartgold
206,23,dunsparce,x
206,4,dunsparce,gold
206,6,dunsparce,crystal
206,10,dunsparce,firered
206,29,dunsparce,ultra-sun
206,16,dunsparce,soulsilver
206,51,dunsparce,the-crown-tundra-shield
207,15,gligar,heartgold
207,23,gligar,x
207,4,gligar,gold
207,18,gligar,white
207,9,gligar,emerald
207,19,gligar,colosseum
207,14,gligar,platinum
207,6,gligar,crystal
207,13,gligar,pearl
207,20,gligar,xd
207,12,gligar,diamond
207,24,gligar,y
207,21,gligar,black-2
207,22,gligar,white-2
207,17,gligar,black
208,15,steelix,heartgold
208,33,steelix,sword
208,34,steelix,shield
208,14,steelix,platinum
208,13,steelix,pearl
208,12,steelix,diamond
208,21,steelix,black-2
208,22,steelix,white-2
208,16,steelix,soulsilver
209,15,snubbull,heartgold
209,23,snubbull,x
209,4,snubbull,gold
209,5,snubbull,silver
209,9,snubbull,emerald
209,14,snubbull,platinum
209,6,snubbull,crystal
209,13,snubbull,pearl
209,30,snubbull,ultra-moon
209,12,snubbull,diamond
209,24,snubbull,y
209,29,snubbull,ultra-sun
209,16,snubbull,soulsilver
210,27,granbull,sun
210,28,granbull,moon
210,6,granbull,crystal
210,21,granbull,black-2
210,30,granbull,ultra-moon
210,19,granbull,colosseum
210,29,granbull,ultra-sun
210,22,granbull,white-2
211,36,qwilfish,the-crown-tundra-sword
211,21,qwilfish,black-2
211,17,qwilfish,black
211,50,qwilfish,the-isle-of-armor-shield
211,5,qwilfish,silver
211,14,qwilfish,platinum
211,24,qwilfish,y
211,19,qwilfish,colosseum
211,22,qwilfish,white-2
211,18,qwilfish,white
211,35,qwilfish,the-isle-of-armor-sword
211,13,qwilfish,pearl
211,12,qwilfish,diamond
211,15,qwilfish,heartgold
211,23,qwilfish,x
211,33,qwilfish,sword
211,4,qwilfish,gold
211,34,qwilfish,shield
211,6,qwilfish,crystal
211,10,qwilfish,firered
211,16,qwilfish,soulsilver
211,51,qwilfish,the-crown-tundra-shield
212,19,scizor,colosseum
212,50,scizor,the-isle-of-armor-shield
212,35,scizor,the-isle-of-armor-sword
213,36,shuckle,the-crown-tundra-sword
213,21,shuckle,black-2
213,17,shuckle,black
213,11,shuckle,leafgreen
213,50,shuckle,the-isle-of-armor-shield
213,5,shuckle,silver
213,14,shuckle,platinum
213,24,shuckle,y
213,19,shuckle,colosseum
213,22,shuckle,white-2
213,18,shuckle,white
213,35,shuckle,the-isle-of-armor-sword
213,13,shuckle,pearl
213,12,shuckle,diamond
213,15,shuckle,heartgold
213,23,shuckle,x
213,33,shuckle,sword
213,4,shuckle,gold
213,34,shuckle,shield
213,9,shuckle,emerald
213,6,shuckle,crystal
213,10,shuckle,firered
213,20,shuckle,xd
213,16,shuckle,soulsilver
213,51,shuckle,the-crown-tundra-shield
214,21,heracross,black-2
214,17,heracross,black
214,11,heracross,leafgreen
214,50,heracross,the-isle-of-armor-shield
214,5,heracross,silver
214,14,heracross,platinum
214,7,heracross,ruby
214,24,heracross,y
214,19,heracross,colosseum
214,22,heracross,white-2
214,18,heracross,white
214,13,heracross,pearl
214,30,heracross,ultra-moon
214,12,heracross,diamond
214,15,heracross,heartgold
214,23,heracross,x
214,4,heracross,gold
214,9,heracross,emerald
214,6,heracross,crystal
214,10,heracross,firered
214,8,heracross,sapphire
214,29,heracross,ultra-sun
214,16,heracross,soulsilver
215,27,sneasel,sun
215,36,sneasel,the-crown-tundra-sword
215,21,sneasel,black-2
215,17,sneasel,black
215,11,sneasel,leafgreen
215,5,sneasel,silver
215,14,sneasel,platinum
215,24,sneasel,y
215,19,sneasel,colosseum
215,22,sneasel,white-2
215,18,sneasel,white
215,13,sneasel,pearl
215,30,sneasel,ultra-moon
215,12,sneasel,diamond
215,15,sneasel,heartgold
215,23,sneasel,x
215,33,sneasel,sword
215,4,sneasel,gold
215,34,sneasel,shield
215,28,sneasel,moon
215,6,sneasel,crystal
215,29,sneasel,ultra-sun
215,16,sneasel,soulsilver
215,51,sneasel,the-crown-tundra-shield
216,23,teddiursa,x
216,4,teddiursa,gold
216,9,teddiursa,emerald
216,14,teddiursa,platinum
216,13,teddiursa,pearl
216,6,teddiursa,crystal
216,10,teddiursa,firered
216,12,teddiursa,diamond
216,24,teddiursa,y
216,20,teddiursa,xd
216,16,teddiursa,soulsilver
216,11,teddiursa,leafgreen
217,23,ursaring,x
217,4,ursaring,gold
217,19,ursaring,colosseum
217,14,ursaring,platinum
217,6,ursaring,crystal
217,13,ursaring,pearl
217,12,ursaring,diamond
217,24,ursaring,y
217,16,ursaring,soulsilver
218,15,slugma,heartgold
218,23,slugma,x
218,4,slugma,gold
218,25,slugma,omega-ruby
218,5,slugma,silver
218,9,slugma,emerald
218,19,slugma,colosseum
218,14,slugma,platinum
218,13,slugma,pearl
218,6,slugma,crystal
218,7,slugma,ruby
218,26,slugma,alpha-sapphire
218,8,slugma,sapphire
218,12,slugma,diamond
218,10,slugma,firered
218,24,slugma,y
218,16,slugma,soulsilver
218,11,slugma,leafgreen
219,23,magcargo,x
219,14,magcargo,platinum
219,13,magcargo,pearl
219,10,magcargo,firered
219,30,magcargo,ultra-moon
219,12,magcargo,diamond
219,24,magcargo,y
219,29,magcargo,ultra-sun
219,20,magcargo,xd
219,11,magcargo,leafgreen
220,27,swinub,sun
220,36,swinub,the-crown-tundra-sword
220,11,swinub,leafgreen
220,5,swinub,silver
220,14,swinub,platinum
220,13,swinub,pearl
220,30,swinub,ultra-moon
220,12,swinub,diamond
220,20,swinub,xd
220,15,swinub,heartgold
220,34,swinub,shield
220,33,swinub,sword
220,4,swinub,gold
220,28,swinub,moon
220,6,swinub,crystal
220,10,swinub,firered
220,29,swinub,ultra-sun
220,16,swinub,soulsilver
220,51,swinub,the-crown-tundra-shield
221,23,piloswine,x
221,33,piloswine,sword
221,34,piloswine,shield
221,18,piloswine,white
221,36,piloswine,the-crown-tundra-sword
221,14,piloswine,platinum
221,19,piloswine,colosseum
221,51,piloswine,the-crown-tundra-shield
221,24,piloswine,y
221,21,piloswine,black-2
221,22,piloswine,white-2
221,17,piloswine,black
222,27,corsola,sun
222,21,corsola,black-2
222,17,corsola,black
222,50,corsola,the-isle-of-armor-shield
222,5,corsola,silver
222,14,corsola,platinum
222,7,corsola,ruby
222,24,corsola,y
222,22,corsola,white-2
222,18,corsola,white
222,13,corsola,pearl
222,30,corsola,ultra-moon
222,12,corsola,diamond
222,15,corsola,heartgold
222,23,corsola,x
222,4,corsola,gold
222,9,corsola,emerald
222,28,corsola,moon
222,6,corsola,crystal
222,8,corsola,sapphire
222,29,corsola,ultra-sun
222,16,corsola,soulsilver
223,21,remoraid,black-2
223,17,remoraid,black
223,11,remoraid,leafgreen
223,50,remoraid,the-isle-of-armor-shield
223,5,remoraid,silver
223,14,remoraid,platinum
223,24,remoraid,y
223,19,remoraid,colosseum
223,22,remoraid,white-2
223,18,remoraid,white
223,35,remoraid,the-isle-of-armor-sword
223,13,remoraid,pearl
223,30,remoraid,ultra-moon
223,12,remoraid,diamond
223,15,remoraid,heartgold
223,23,remoraid,x
223,33,remoraid,sword
223,4,remoraid,gold
223,34,remoraid,shield
223,9,remoraid,emerald
223,29,remoraid,ultra-sun
223,16,remoraid,soulsilver
224,23,octillery,x
224,33,octillery,sword
224,34,octillery,shield
224,50,octillery,the-isle-of-armor-shield
224,29,octillery,ultra-sun
224,18,octillery,white
224,9,octillery,emerald
224,35,octillery,the-isle-of-armor-sword
224,36,octillery,the-crown-tundra-sword
224,14,octillery,platinum
224,13,octillery,pearl
224,30,octillery,ultra-moon
224,51,octillery,the-crown-tundra-shield
224,12,octillery,diamond
224,24,octillery,y
224,21,octillery,black-2
224,22,octillery,white-2
224,17,octillery,black
225,27,delibird,sun
225,36,delibird,the-crown-tundra-sword
225,21,delibird,black-2
225,17,delibird,black
225,5,delibird,silver
225,14,delibird,platinum
225,24,delibird,y
225,19,delibird,colosseum
225,22,delibird,white-2
225,18,delibird,white
225,13,delibird,pearl
225,30,delibird,ultra-moon
225,12,delibird,diamond
225,23,delibird,x
225,33,delibird,sword
225,34,delibird,shield
225,28,delibird,moon
225,6,delibird,crystal
225,10,delibird,firered
225,29,delibird,ultra-sun
225,16,delibird,soulsilver
225,51,delibird,the-crown-tundra-shield
226,15,mantine,heartgold
226,33,mantine,sword
226,34,mantine,shield
226,4,mantine,gold
226,11,mantine,leafgreen
226,50,mantine,the-isle-of-armor-shield
226,18,mantine,white
226,35,mantine,the-isle-of-armor-sword
226,36,mantine,the-crown-tundra-sword
226,6,mantine,crystal
226,51,mantine,the-crown-tundra-shield
226,19,mantine,colosseum
226,21,mantine,black-2
226,22,mantine,white-2
226,17,mantine,black
227,27,skarmory,sun
227,36,skarmory,the-crown-tundra-sword
227,21,skarmory,black-2
227,25,skarmory,omega-ruby
227,50,skarmory,the-isle-of-armor-shield
227,5,skarmory,silver
227,14,skarmory,platinum
227,7,skarmory,ruby
227,24,skarmory,y
227,19,skarmory,colosseum
227,22,skarmory,white-2
227,35,skarmory,the-isle-of-armor-sword
227,13,skarmory,pearl
227,30,skarmory,ultra-moon
227,12,skarmory,diamond
227,23,skarmory,x
227,9,skarmory,emerald
227,28,skarmory,moon
227,6,skarmory,crystal
227,26,skarmory,alpha-sapphire
227,10,skarmory,firered
227,8,skarmory,sapphire
227,29,skarmory,ultra-sun
227,16,skarmory,soulsilver
227,51,skarmory,the-crown-tundra-shield
228,15,houndour,heartgold
228,23,houndour,x
228,4,houndour,gold
228,5,houndour,silver
228,9,houndour,emerald
228,14,houndour,platinum
228,6,houndour,crystal
228,10,houndour,firered
228,20,houndour,xd
228,29,houndour,ultra-sun
228,16,houndour,soulsilver
228,11,houndour,leafgreen
229,15,houndoom,heartgold
229,13,houndoom,pearl
229,19,houndoom,colosseum
229,29,houndoom,ultra-sun
229,16,houndoom,soulsilver
230,50,kingdra,the-isle-of-armor-shield
230,35,kingdra,the-isle-of-armor-sword
230,18,kingdra,white
230,21,kingdra,black-2
230,22,kingdra,white-2
230,17,kingdra,black
231,15,phanpy,heartgold
231,23,phanpy,x
231,5,phanpy,silver
231,9,phanpy,emerald
231,14,phanpy,platinum
231,6,phanpy,crystal
231,13,phanpy,pearl
231,7,phanpy,ruby
231,10,phanpy,firered
231,8,phanpy,sapphire
231,12,phanpy,diamond
231,24,phanpy,y
231,20,phanpy,xd
231,11,phanpy,leafgreen
232,15,donphan,heartgold
232,25,donphan,omega-ruby
232,5,donphan,silver
232,6,donphan,crystal
232,26,donphan,alpha-sapphire
234,15,stantler,heartgold
234,4,stantler,gold
234,25,stantler,omega-ruby
234,5,stantler,silver
234,9,stantler,emerald
234,18,stantler,white
234,14,stantler,platinum
234,13,stantler,pearl
234,6,stantler,crystal
234,10,stantler,firered
234,26,stantler,alpha-sapphire
234,17,stantler,black
234,19,stantler,colosseum
234,16,stantler,soulsilver
234,11,stantler,leafgreen
235,15,smeargle,heartgold
235,23,smeargle,x
235,4,smeargle,gold
235,27,smeargle,sun
235,5,smeargle,silver
235,9,smeargle,emerald
235,28,smeargle,moon
235,19,smeargle,colosseum
235,14,smeargle,platinum
235,13,smeargle,pearl
235,6,smeargle,crystal
235,10,smeargle,firered
235,30,smeargle,ultra-moon
235,12,smeargle,diamond
235,24,smeargle,y
235,29,smeargle,ultra-sun
235,16,smeargle,soulsilver
235,11,smeargle,leafgreen
236,15,tyrogue,heartgold
236,33,tyrogue,sword
236,34,tyrogue,shield
236,4,tyrogue,gold
236,23,tyrogue,x
236,5,tyrogue,silver
236,14,tyrogue,platinum
236,6,tyrogue,crystal
236,13,tyrogue,pearl
236,12,tyrogue,diamond
236,24,tyrogue,y
236,36,tyrogue,the-crown-tundra-sword
236,16,tyrogue,soulsilver
236,51,tyrogue,the-crown-tundra-shield
237,34,hitmontop,shield
237,33,hitmontop,sword
237,19,hitmontop,colosseum
237,36,hitmontop,the-crown-tundra-sword
237,51,hitmontop,the-crown-tundra-shield
238,23,smoochum,x
238,29,smoochum,ultra-sun
238,14,smoochum,platinum
238,6,smoochum,crystal
238,13,smoochum,pearl
238,30,smoochum,ultra-moon
238,12,smoochum,diamond
238,24,smoochum,y
238,36,smoochum,the-crown-tundra-sword
238,51,smoochum,the-crown-tundra-shield
239,25,elekid,omega-ruby
239,27,elekid,sun
239,29,elekid,ultra-sun
239,28,elekid,moon
239,20,elekid,xd
239,6,elekid,crystal
239,13,elekid,pearl
239,26,elekid,alpha-sapphire
239,30,elekid,ultra-moon
239,12,elekid,diamond
239,36,elekid,the-crown-tundra-sword
239,22,elekid,white-2
239,51,elekid,the-crown-tundra-shield
240,25,magby,omega-ruby
240,27,magby,sun
240,29,magby,ultra-sun
240,28,magby,moon
240,6,magby,crystal
240,13,magby,pearl
240,21,magby,black-2
240,30,magby,ultra-moon
240,26,magby,alpha-sapphire
240,12,magby,diamond
240,36,magby,the-crown-tundra-sword
240,51,magby,the-crown-tundra-shield
241,27,miltank,sun
241,36,miltank,the-crown-tundra-sword
241,50,miltank,the-isle-of-armor-shield
241,5,miltank,silver
241,14,miltank,platinum
241,24,miltank,y
241,19,miltank,colosseum
241,35,miltank,the-isle-of-armor-sword
241,13,miltank,pearl
241,30,miltank,ultra-moon
241,12,miltank,diamond
241,15,miltank,heartgold
241,23,miltank,x
241,4,miltank,gold
241,9,miltank,emerald
241,28,miltank,moon
241,6,miltank,crystal
241,29,miltank,ultra-sun
241,16,miltank,soulsilver
241,51,miltank,the-crown-tundra-shield
242,29,blissey,ultra-sun
242,50,blissey,the-isle-of-armor-shield
242,30,blissey,ultra-moon
242,35,blissey,the-isle-of-armor-sword
243,15,raikou,heartgold
243,4,raikou,gold
243,25,raikou,omega-ruby
243,29,raikou,ultra-sun
243,5,raikou,silver
243,6,raikou,crystal
243,26,raikou,alpha-sapphire
243,10,raikou,firered
243,51,raikou,the-crown-tundra-shield
243,19,raikou,colosseum
243,36,raikou,the-crown-tundra-sword
243,16,raikou,soulsilver
243,11,raikou,leafgreen
244,15,entei,heartgold
244,4,entei,gold
244,25,entei,omega-ruby
244,5,entei,silver
244,6,entei,crystal
244,26,entei,alpha-sapphire
244,10,entei,firered
244,30,entei,ultra-moon
244,51,entei,the-crown-tundra-shield
244,19,entei,colosseum
244,36,entei,the-crown-tundra-sword
244,16,entei,soulsilver
244,11,entei,leafgreen
245,15,suicune,heartgold
245,4,suicune,gold
245,25,suicune,omega-ruby
245,29,suicune,ultra-sun
245,5,suicune,silver
245,6,suicune,crystal
245,26,suicune,alpha-sapphire
245,10,suicune,firered
245,30,suicune,ultra-moon
245,51,suicune,the-crown-tundra-shield
245,19,suicune,colosseum
245,36,suicune,the-crown-tundra-sword
245,16,suicune,soulsilver
245,11,suicune,leafgreen
246,15,larvitar,heartgold
246,34,larvitar,shield
246,4,larvitar,gold
246,5,larvitar,silver
246,14,larvitar,platinum
246,6,larvitar,crystal
246,10,larvitar,firered
246,30,larvitar,ultra-moon
246,51,larvitar,the-crown-tundra-shield
246,12,larvitar,diamond
246,24,larvitar,y
246,29,larvitar,ultra-sun
246,20,larvitar,xd
246,16,larvitar,soulsilver
246,11,larvitar,leafgreen
247,15,pupitar,heartgold
247,34,pupitar,shield
247,23,pupitar,x
247,18,pupitar,white
247,6,pupitar,crystal
247,24,pupitar,y
247,21,pupitar,black-2
247,22,pupitar,white-2
247,16,pupitar,soulsilver
247,17,pupitar,black
248,34,tyranitar,shield
248,18,tyranitar,white
248,51,tyranitar,the-crown-tundra-shield
248,19,tyranitar,colosseum
248,21,tyranitar,black-2
248,22,tyranitar,white-2
248,17,tyranitar,black
249,15,lugia,heartgold
249,4,lugia,gold
249,5,lugia,silver
249,9,lugia,emerald
249,6,lugia,crystal
249,26,lugia,alpha-sapphire
249,10,lugia,firered
249,30,lugia,ultra-moon
249,51,lugia,the-crown-tundra-shield
249,20,lugia,xd
249,16,lugia,soulsilver
249,11,lugia,leafgreen
250,15,ho-oh,heartgold
250,4,ho-oh,gold
250,25,ho-oh,omega-ruby
250,29,ho-oh,ultra-sun
250,5,ho-oh,silver
250,9,ho-oh,emerald
250,6,ho-oh,crystal
250,10,ho-oh,firered
250,19,ho-oh,colosseum
250,36,ho-oh,the-crown-tundra-sword
250,16,ho-oh,soulsilver
250,11,ho-oh,leafgreen
251,9,celebi,emerald
251,7,celebi,ruby
251,6,celebi,crystal
251,10,celebi,firered
251,8,celebi,sapphire
251,11,celebi,leafgreen
252,15,treecko,heartgold
252,25,treecko,omega-ruby
252,9,treecko,emerald
252,7,treecko,ruby
252,26,treecko,alpha-sapphire
252,8,treecko,sapphire
252,16,treecko,soulsilver
253,36,grovyle,the-crown-tundra-sword
253,30,grovyle,ultra-moon
253,29,grovyle,ultra-sun
253,51,grovyle,the-crown-tundra-shield
254,36,sceptile,the-crown-tundra-sword
254,51,sceptile,the-crown-tundra-shield
255,15,torchic,heartgold
255,25,torchic,omega-ruby
255,9,torchic,emerald
255,7,torchic,ruby
255,26,torchic,alpha-sapphire
255,8,torchic,sapphire
255,16,torchic,soulsilver
256,36,combusken,the-crown-tundra-sword
256,30,combusken,ultra-moon
256,29,combusken,ultra-sun
256,51,combusken,the-crown-tundra-shield
257,36,blaziken,the-crown-tundra-sword
257,51,blaziken,the-crown-tundra-shield
258,15,mudkip,heartgold
258,25,mudkip,omega-ruby
258,9,mudkip,emerald
258,7,mudkip,ruby
258,26,mudkip,alpha-sapphire
258,8,mudkip,sapphire
258,16,mudkip,soulsilver
259,36,marshtomp,the-crown-tundra-sword
259,30,marshtomp,ultra-moon
259,29,marshtomp,ultra-sun
259,51,marshtomp,the-crown-tundra-shield
260,36,swampert,the-crown-tundra-sword
260,51,swampert,the-crown-tundra-shield
261,15,poochyena,heartgold
261,25,poochyena,omega-ruby
261,9,poochyena,emerald
261,7,poochyena,ruby
261,14,poochyena,platinum
261,26,poochyena,alpha-sapphire
261,8,poochyena,sapphire
261,20,poochyena,xd
261,16,poochyena,soulsilver
262,12,mightyena,diamond
262,23,mightyena,x
262,24,mightyena,y
262,9,mightyena,emerald
263,15,zigzagoon,heartgold
263,23,zigzagoon,x
263,25,zigzagoon,omega-ruby
263,50,zigzagoon,the-isle-of-armor-shield
263,35,zigzagoon,the-isle-of-armor-sword
263,9,zigzagoon,emerald
263,14,zigzagoon,platinum
263,13,zigzagoon,pearl
263,7,zigzagoon,ruby
263,26,zigzagoon,alpha-sapphire
263,8,zigzagoon,sapphire
263,12,zigzagoon,diamond
263,24,zigzagoon,y
263,16,zigzagoon,soulsilver
264,15,linoone,heartgold
264,9,linoone,emerald
264,7,linoone,ruby
264,8,linoone,sapphire
264,36,linoone,the-crown-tundra-sword
264,16,linoone,soulsilver
264,51,linoone,the-crown-tundra-shield
265,15,wurmple,heartgold
265,25,wurmple,omega-ruby
265,9,wurmple,emerald
265,14,wurmple,platinum
265,13,wurmple,pearl
265,7,wurmple,ruby
265,26,wurmple,alpha-sapphire
265,8,wurmple,sapphire
265,12,wurmple,diamond
265,16,wurmple,soulsilver
266,15,silcoon,heartgold
266,9,silcoon,emerald
266,14,silcoon,platinum
266,7,silcoon,ruby
266,8,silcoon,sapphire
266,12,silcoon,diamond
266,16,silcoon,soulsilver
267,15,beautifly,heartgold
267,23,beautifly,x
267,14,beautifly,platinum
267,13,beautifly,pearl
267,12,beautifly,diamond
267,24,beautifly,y
267,16,beautifly,soulsilver
268,15,cascoon,heartgold
268,23,cascoon,x
268,9,cascoon,emerald
268,7,cascoon,ruby
268,14,cascoon,platinum
268,13,cascoon,pearl
268,8,cascoon,sapphire
268,24,cascoon,y
268,16,cascoon,soulsilver
269,14,dustox,platinum
269,13,dustox,pearl
269,15,dustox,heartgold
269,16,dustox,soulsilver
270,15,lotad,heartgold
270,34,lotad,shield
270,9,lotad,emerald
270,14,lotad,platinum
270,13,lotad,pearl
270,26,lotad,alpha-sapphire
270,8,lotad,sapphire
270,12,lotad,diamond
270,16,lotad,soulsilver
271,23,lombre,x
271,15,lombre,heartgold
271,34,lombre,shield
271,9,lombre,emerald
271,14,lombre,platinum
271,13,lombre,pearl
271,21,lombre,black-2
271,30,lombre,ultra-moon
271,8,lombre,sapphire
271,12,lombre,diamond
271,24,lombre,y
271,29,lombre,ultra-sun
271,22,lombre,white-2
271,16,lombre,soulsilver
272,34,ludicolo,shield
273,15,seedot,heartgold
273,33,seedot,sword
273,25,seedot,omega-ruby
273,9,seedot,emerald
273,14,seedot,platinum
273,13,seedot,pearl
273,7,seedot,ruby
273,12,seedot,diamond
273,20,seedot,xd
273,16,seedot,soulsilver
274,15,nuzleaf,heartgold
274,33,nuzleaf,sword
274,23,nuzleaf,x
274,29,nuzleaf,ultra-sun
274,9,nuzleaf,emerald
274,14,nuzleaf,platinum
274,13,nuzleaf,pearl
274,7,nuzleaf,ruby
274,30,nuzleaf,ultra-moon
274,12,nuzleaf,diamond
274,24,nuzleaf,y
274,21,nuzleaf,black-2
274,22,nuzleaf,white-2
274,16,nuzleaf,soulsilver
275,33,shiftry,sword
275,21,shiftry,black-2
275,22,shiftry,white-2
276,15,taillow,heartgold
276,23,taillow,x
276,25,taillow,omega-ruby
276,9,taillow,emerald
276,7,taillow,ruby
276,26,taillow,alpha-sapphire
276,8,taillow,sapphire
276,24,taillow,y
276,16,taillow,soulsilver
277,18,swellow,white
277,9,swellow,emerald
277,14,swellow,platinum
277,13,swellow,pearl
277,7,swellow,ruby
277,30,swellow,ultra-moon
277,8,swellow,sapphire
277,12,swellow,diamond
277,29,swellow,ultra-sun
277,20,swellow,xd
277,17,swellow,black
278,27,wingull,sun
278,17,wingull,black
278,25,wingull,omega-ruby
278,50,wingull,the-isle-of-armor-shield
278,14,wingull,platinum
278,7,wingull,ruby
278,24,wingull,y
278,18,wingull,white
278,35,wingull,the-isle-of-armor-sword
278,13,wingull,pearl
278,30,wingull,ultra-moon
278,12,wingull,diamond
278,15,wingull,heartgold
278,23,wingull,x
278,33,wingull,sword
278,34,wingull,shield
278,9,wingull,emerald
278,28,wingull,moon
278,26,wingull,alpha-sapphire
278,8,wingull,sapphire
278,29,wingull,ultra-sun
278,16,wingull,soulsilver
279,27,pelipper,sun
279,36,pelipper,the-crown-tundra-sword
279,21,pelipper,black-2
279,17,pelipper,black
279,50,pelipper,the-isle-of-armor-shield
279,14,pelipper,platinum
279,7,pelipper,ruby
279,22,pelipper,white-2
279,18,pelipper,white
279,35,pelipper,the-isle-of-armor-sword
279,13,pelipper,pearl
279,30,pelipper,ultra-moon
279,12,pelipper,diamond
279,33,pelipper,sword
279,34,pelipper,shield
279,9,pelipper,emerald
279,28,pelipper,moon
279,8,pelipper,sapphire
279,29,pelipper,ultra-sun
279,51,pelipper,the-crown-tundra-shield
280,25,ralts,omega-ruby
280,50,ralts,the-isle-of-armor-shield
280,14,ralts,platinum
280,7,ralts,ruby
280,24,ralts,y
280,35,ralts,the-isle-of-armor-sword
280,13,ralts,pearl
280,30,ralts,ultra-moon
280,12,ralts,diamond
280,20,ralts,xd
280,15,ralts,heartgold
280,23,ralts,x
280,33,ralts,sword
280,34,ralts,shield
280,9,ralts,emerald
280,26,ralts,alpha-sapphire
280,8,ralts,sapphire
280,29,ralts,ultra-sun
280,16,ralts,soulsilver
281,34,kirlia,shield
281,33,kirlia,sword
281,23,kirlia,x
281,50,kirlia,the-isle-of-armor-shield
281,35,kirlia,the-isle-of-armor-sword
281,14,kirlia,platinum
281,13,kirlia,pearl
281,12,kirlia,diamond
281,24,kirlia,y
282,34,gardevoir,shield
282,33,gardevoir,sword
282,50,gardevoir,the-isle-of-armor-shield
282,35,gardevoir,the-isle-of-armor-sword
283,15,surskit,heartgold
283,27,surskit,sun
283,28,surskit,moon
283,14,surskit,platinum
283,13,surskit,pearl
283,7,surskit,ruby
283,30,surskit,ultra-moon
283,8,surskit,sapphire
283,12,surskit,diamond
283,29,surskit,ultra-sun
283,20,surskit,xd
283,16,surskit,soulsilver
284,15,masquerain,heartgold
284,23,masquerain,x
284,27,masquerain,sun
284,28,masquerain,moon
284,14,masquerain,platinum
284,30,masquerain,ultra-moon
284,24,masquerain,y
284,29,masquerain,ultra-sun
284,16,masquerain,soulsilver
285,15,shroomish,heartgold
285,25,shroomish,omega-ruby
285,9,shroomish,emerald
285,14,shroomish,platinum
285,13,shroomish,pearl
285,7,shroomish,ruby
285,26,shroomish,alpha-sapphire
285,8,shroomish,sapphire
285,12,shroomish,diamond
285,20,shroomish,xd
285,16,shroomish,soulsilver
286,23,breloom,x
286,15,breloom,heartgold
286,24,breloom,y
286,21,breloom,black-2
286,22,breloom,white-2
286,16,breloom,soulsilver
287,15,slakoth,heartgold
287,9,slakoth,emerald
287,14,slakoth,platinum
287,13,slakoth,pearl
287,7,slakoth,ruby
287,8,slakoth,sapphire
287,12,slakoth,diamond
287,16,slakoth,soulsilver
288,15,vigoroth,heartgold
288,27,vigoroth,sun
288,28,vigoroth,moon
288,21,vigoroth,black-2
288,22,vigoroth,white-2
288,16,vigoroth,soulsilver
289,21,slaking,black-2
289,22,slaking,white-2
290,15,nincada,heartgold
290,23,nincada,x
290,33,nincada,sword
290,34,nincada,shield
290,25,nincada,omega-ruby
290,9,nincada,emerald
290,14,nincada,platinum
290,13,nincada,pearl
290,7,nincada,ruby
290,26,nincada,alpha-sapphire
290,8,nincada,sapphire
290,12,nincada,diamond
290,24,nincada,y
290,16,nincada,soulsilver
291,34,ninjask,shield
291,33,ninjask,sword
291,50,ninjask,the-isle-of-armor-shield
291,35,ninjask,the-isle-of-armor-sword
291,36,ninjask,the-crown-tundra-sword
291,51,ninjask,the-crown-tundra-shield
292,34,shedinja,shield
292,33,shedinja,sword
293,15,whismur,heartgold
293,23,whismur,x
293,25,whismur,omega-ruby
293,50,whismur,the-isle-of-armor-shield
293,35,whismur,the-isle-of-armor-sword
293,9,whismur,emerald
293,7,whismur,ruby
293,26,whismur,alpha-sapphire
293,8,whismur,sapphire
293,24,whismur,y
293,16,whismur,soulsilver
294,23,loudred,x
294,25,loudred,omega-ruby
294,50,loudred,the-isle-of-armor-shield
294,35,loudred,the-isle-of-armor-sword
294,9,loudred,emerald
294,14,loudred,platinum
294,13,loudred,pearl
294,7,loudred,ruby
294,26,loudred,alpha-sapphire
294,8,loudred,sapphire
294,12,loudred,diamond
294,24,loudred,y
295,36,exploud,the-crown-tundra-sword
295,50,exploud,the-isle-of-armor-shield
295,35,exploud,the-isle-of-armor-sword
295,51,exploud,the-crown-tundra-shield
296,15,makuhita,heartgold
296,25,makuhita,omega-ruby
296,27,makuhita,sun
296,9,makuhita,emerald
296,28,makuhita,moon
296,14,makuhita,platinum
296,13,makuhita,pearl
296,7,makuhita,ruby
296,26,makuhita,alpha-sapphire
296,30,makuhita,ultra-moon
296,8,makuhita,sapphire
296,12,makuhita,diamond
296,19,makuhita,colosseum
296,29,makuhita,ultra-sun
296,20,makuhita,xd
296,16,makuhita,soulsilver
297,23,hariyama,x
297,27,hariyama,sun
297,9,hariyama,emerald
297,28,hariyama,moon
297,7,hariyama,ruby
297,21,hariyama,black-2
297,30,hariyama,ultra-moon
297,8,hariyama,sapphire
297,24,hariyama,y
297,29,hariyama,ultra-sun
297,22,hariyama,white-2
298,23,azurill,x
298,15,azurill,heartgold
298,50,azurill,the-isle-of-armor-shield
298,35,azurill,the-isle-of-armor-sword
298,14,azurill,platinum
298,13,azurill,pearl
298,12,azurill,diamond
298,24,azurill,y
298,21,azurill,black-2
298,22,azurill,white-2
298,16,azurill,soulsilver
299,23,nosepass,x
299,15,nosepass,heartgold
299,27,nosepass,sun
299,29,nosepass,ultra-sun
299,9,nosepass,emerald
299,28,nosepass,moon
299,14,nosepass,platinum
299,13,nosepass,pearl
299,7,nosepass,ruby
299,20,nosepass,xd
299,30,nosepass,ultra-moon
299,8,nosepass,sapphire
299,12,nosepass,diamond
299,24,nosepass,y
299,21,nosepass,black-2
299,22,nosepass,white-2
299,16,nosepass,soulsilver
300,23,skitty,x
300,25,skitty,omega-ruby
300,9,skitty,emerald
300,14,skitty,platinum
300,13,skitty,pearl
300,7,skitty,ruby
300,26,skitty,alpha-sapphire
300,8,skitty,sapphire
300,12,skitty,diamond
300,24,skitty,y
300,22,skitty,white-2
301,20,delcatty,xd
301,22,delcatty,white-2
302,15,sableye,heartgold
302,23,sableye,x
302,34,sableye,shield
302,27,sableye,sun
302,51,sableye,the-crown-tundra-shield
302,18,sableye,white
302,9,sableye,emerald
302,28,sableye,moon
302,14,sableye,platinum
302,13,sableye,pearl
302,26,sableye,alpha-sapphire
302,30,sableye,ultra-moon
302,8,sableye,sapphire
302,12,sableye,diamond
302,24,sableye,y
302,29,sableye,ultra-sun
302,20,sableye,xd
302,17,sableye,black
303,23,mawile,x
303,33,mawile,sword
303,25,mawile,omega-ruby
303,29,mawile,ultra-sun
303,18,mawile,white
303,9,mawile,emerald
303,14,mawile,platinum
303,13,mawile,pearl
303,7,mawile,ruby
303,30,mawile,ultra-moon
303,12,mawile,diamond
303,24,mawile,y
303,36,mawile,the-crown-tundra-sword
303,20,mawile,xd
303,16,mawile,soulsilver
303,17,mawile,black
304,23,aron,x
304,15,aron,heartgold
304,25,aron,omega-ruby
304,9,aron,emerald
304,36,aron,the-crown-tundra-sword
304,14,aron,platinum
304,7,aron,ruby
304,26,aron,alpha-sapphire
304,20,aron,xd
304,8,aron,sapphire
304,12,aron,diamond
304,21,aron,black-2
304,22,aron,white-2
304,16,aron,soulsilver
304,51,aron,the-crown-tundra-shield
305,23,lairon,x
305,15,lairon,heartgold
305,9,lairon,emerald
305,36,lairon,the-crown-tundra-sword
305,7,lairon,ruby
305,8,lairon,sapphire
305,21,lairon,black-2
305,22,lairon,white-2
305,16,lairon,soulsilver
305,51,lairon,the-crown-tundra-shield
306,36,aggron,the-crown-tundra-sword
306,30,aggron,ultra-moon
306,29,aggron,ultra-sun
306,51,aggron,the-crown-tundra-shield
307,15,meditite,heartgold
307,23,meditite,x
307,25,meditite,omega-ruby
307,19,meditite,colosseum
307,14,meditite,platinum
307,13,meditite,pearl
307,7,meditite,ruby
307,26,meditite,alpha-sapphire
307,8,meditite,sapphire
307,12,meditite,diamond
307,24,meditite,y
307,20,meditite,xd
307,16,meditite,soulsilver
308,15,medicham,heartgold
308,14,medicham,platinum
308,13,medicham,pearl
308,7,medicham,ruby
308,21,medicham,black-2
308,30,medicham,ultra-moon
308,8,medicham,sapphire
308,12,medicham,diamond
308,29,medicham,ultra-sun
308,22,medicham,white-2
308,16,medicham,soulsilver
309,15,electrike,heartgold
309,33,electrike,sword
309,34,electrike,shield
309,25,electrike,omega-ruby
309,9,electrike,emerald
309,14,electrike,platinum
309,13,electrike,pearl
309,7,electrike,ruby
309,26,electrike,alpha-sapphire
309,30,electrike,ultra-moon
309,8,electrike,sapphire
309,12,electrike,diamond
309,24,electrike,y
309,16,electrike,soulsilver
310,15,manectric,heartgold
310,33,manectric,sword
310,34,manectric,shield
310,23,manectric,x
310,50,manectric,the-isle-of-armor-shield
310,35,manectric,the-isle-of-armor-sword
310,9,manectric,emerald
310,7,manectric,ruby
310,21,manectric,black-2
310,30,manectric,ultra-moon
310,8,manectric,sapphire
310,20,manectric,xd
310,24,manectric,y
310,36,manectric,the-crown-tundra-sword
310,22,manectric,white-2
310,16,manectric,soulsilver
310,51,manectric,the-crown-tundra-shield
311,15,plusle,heartgold
311,23,plusle,x
311,25,plusle,omega-ruby
311,9,plusle,emerald
311,19,plusle,colosseum
311,14,plusle,platinum
311,13,plusle,pearl
311,7,plusle,ruby
311,26,plusle,alpha-sapphire
311,8,plusle,sapphire
311,12,plusle,diamond
311,24,plusle,y
311,16,plusle,soulsilver
312,15,minun,heartgold
312,23,minun,x
312,25,minun,omega-ruby
312,9,minun,emerald
312,14,minun,platinum
312,13,minun,pearl
312,7,minun,ruby
312,26,minun,alpha-sapphire
312,8,minun,sapphire
312,12,minun,diamond
312,24,minun,y
312,16,minun,soulsilver
313,15,volbeat,heartgold
313,23,volbeat,x
313,9,volbeat,emerald
313,14,volbeat,platinum
313,13,volbeat,pearl
313,7,volbeat,ruby
313,8,volbeat,sapphire
313,12,volbeat,diamond
313,24,volbeat,y
313,16,volbeat,soulsilver
314,15,illumise,heartgold
314,23,illumise,x
314,9,illumise,emerald
314,14,illumise,platinum
314,13,illumise,pearl
314,7,illumise,ruby
314,8,illumise,sapphire
314,12,illumise,diamond
314,24,illumise,y
314,16,illumise,soulsilver
315,27,roselia,sun
315,36,roselia,the-crown-tundra-sword
315,21,roselia,black-2
315,25,roselia,omega-ruby
315,50,roselia,the-isle-of-armor-shield
315,14,roselia,platinum
315,7,roselia,ruby
315,24,roselia,y
315,22,roselia,white-2
315,35,roselia,the-isle-of-armor-sword
315,13,roselia,pearl
315,12,roselia,diamond
315,23,roselia,x
315,15,roselia,heartgold
315,33,roselia,sword
315,34,roselia,shield
315,28,roselia,moon
315,26,roselia,alpha-sapphire
315,8,roselia,sapphire
315,20,roselia,xd
315,16,roselia,soulsilver
315,51,roselia,the-crown-tundra-shield
316,23,gulpin,x
316,9,gulpin,emerald
316,14,gulpin,platinum
316,13,gulpin,pearl
316,7,gulpin,ruby
316,8,gulpin,sapphire
316,12,gulpin,diamond
316,24,gulpin,y
316,20,gulpin,xd
316,16,gulpin,soulsilver
317,23,swalot,x
317,24,swalot,y
318,23,carvanha,x
318,50,carvanha,the-isle-of-armor-shield
318,29,carvanha,ultra-sun
318,18,carvanha,white
318,9,carvanha,emerald
318,35,carvanha,the-isle-of-armor-sword
318,14,carvanha,platinum
318,13,carvanha,pearl
318,7,carvanha,ruby
318,20,carvanha,xd
318,30,carvanha,ultra-moon
318,8,carvanha,sapphire
318,12,carvanha,diamond
318,24,carvanha,y
318,21,carvanha,black-2
318,22,carvanha,white-2
318,17,carvanha,black
319,27,sharpedo,sun
319,36,sharpedo,the-crown-tundra-sword
319,21,sharpedo,black-2
319,17,sharpedo,black
319,25,sharpedo,omega-ruby
319,50,sharpedo,the-isle-of-armor-shield
319,7,sharpedo,ruby
319,24,sharpedo,y
319,22,sharpedo,white-2
319,18,sharpedo,white
319,35,sharpedo,the-isle-of-armor-sword
319,13,sharpedo,pearl
319,30,sharpedo,ultra-moon
319,12,sharpedo,diamond
319,23,sharpedo,x
319,9,sharpedo,emerald
319,28,sharpedo,moon
319,26,sharpedo,alpha-sapphire
319,8,sharpedo,sapphire
319,29,sharpedo,ultra-sun
319,51,sharpedo,the-crown-tundra-shield
320,27,wailmer,sun
320,36,wailmer,the-crown-tundra-sword
320,21,wailmer,black-2
320,17,wailmer,black
320,50,wailmer,the-isle-of-armor-shield
320,14,wailmer,platinum
320,7,wailmer,ruby
320,24,wailmer,y
320,22,wailmer,white-2
320,18,wailmer,white
320,35,wailmer,the-isle-of-armor-sword
320,13,wailmer,pearl
320,30,wailmer,ultra-moon
320,12,wailmer,diamond
320,23,wailmer,x
320,33,wailmer,sword
320,34,wailmer,shield
320,9,wailmer,emerald
320,28,wailmer,moon
320,8,wailmer,sapphire
320,29,wailmer,ultra-sun
320,51,wailmer,the-crown-tundra-shield
321,33,wailord,sword
321,34,wailord,shield
321,27,wailord,sun
321,50,wailord,the-isle-of-armor-shield
321,29,wailord,ultra-sun
321,18,wailord,white
321,9,wailord,emerald
321,35,wailord,the-isle-of-armor-sword
321,28,wailord,moon
321,14,wailord,platinum
321,13,wailord,pearl
321,7,wailord,ruby
321,30,wailord,ultra-moon
321,8,wailord,sapphire
321,12,wailord,diamond
321,21,wailord,black-2
321,22,wailord,white-2
321,17,wailord,black
322,15,numel,heartgold
322,25,numel,omega-ruby
322,9,numel,emerald
322,14,numel,platinum
322,13,numel,pearl
322,7,numel,ruby
322,26,numel,alpha-sapphire
322,8,numel,sapphire
322,12,numel,diamond
322,20,numel,xd
322,22,numel,white-2
322,16,numel,soulsilver
323,23,camerupt,x
323,25,camerupt,omega-ruby
323,14,camerupt,platinum
323,13,camerupt,pearl
323,26,camerupt,alpha-sapphire
323,12,camerupt,diamond
323,24,camerupt,y
323,22,camerupt,white-2
324,27,torkoal,sun
324,36,torkoal,the-crown-tundra-sword
324,50,torkoal,the-isle-of-armor-shield
324,14,torkoal,platinum
324,7,torkoal,ruby
324,24,torkoal,y
324,35,torkoal,the-isle-of-armor-sword
324,13,torkoal,pearl
324,30,torkoal,ultra-moon
324,12,torkoal,diamond
324,23,torkoal,x
324,15,torkoal,heartgold
324,33,torkoal,sword
324,34,torkoal,shield
324,9,torkoal,emerald
324,28,torkoal,moon
324,8,torkoal,sapphire
324,29,torkoal,ultra-sun
324,16,torkoal,soulsilver
324,51,torkoal,the-crown-tundra-shield
325,15,spoink,heartgold
325,23,spoink,x
325,25,spoink,omega-ruby
325,9,spoink,emerald
325,14,spoink,platinum
325,13,spoink,pearl
325,7,spoink,ruby
325,26,spoink,alpha-sapphire
325,8,spoink,sapphire
325,12,spoink,diamond
325,24,spoink,y
325,21,spoink,black-2
325,16,spoink,soulsilver
326,23,grumpig,x
326,29,grumpig,ultra-sun
326,30,grumpig,ultra-moon
326,24,grumpig,y
326,21,grumpig,black-2
327,15,spinda,heartgold
327,23,spinda,x
327,25,spinda,omega-ruby
327,27,spinda,sun
327,9,spinda,emerald
327,28,spinda,moon
327,14,spinda,platinum
327,13,spinda,pearl
327,7,spinda,ruby
327,26,spinda,alpha-sapphire
327,30,spinda,ultra-moon
327,8,spinda,sapphire
327,12,spinda,diamond
327,24,spinda,y
327,29,spinda,ultra-sun
327,16,spinda,soulsilver
328,27,trapinch,sun
328,21,trapinch,black-2
328,50,trapinch,the-isle-of-armor-shield
328,7,trapinch,ruby
328,24,trapinch,y
328,22,trapinch,white-2
328,35,trapinch,the-isle-of-armor-sword
328,13,trapinch,pearl
328,30,trapinch,ultra-moon
328,20,trapinch,xd
328,12,trapinch,diamond
328,23,trapinch,x
328,15,trapinch,heartgold
328,33,trapinch,sword
328,34,trapinch,shield
328,9,trapinch,emerald
328,28,trapinch,moon
328,8,trapinch,sapphire
328,29,trapinch,ultra-sun
328,16,trapinch,soulsilver
329,15,vibrava,heartgold
329,33,vibrava,sword
329,34,vibrava,shield
329,13,vibrava,pearl
329,12,vibrava,diamond
329,19,vibrava,colosseum
329,21,vibrava,black-2
329,22,vibrava,white-2
329,16,vibrava,soulsilver
330,34,flygon,shield
330,33,flygon,sword
330,50,flygon,the-isle-of-armor-shield
330,35,flygon,the-isle-of-armor-sword
330,36,flygon,the-crown-tundra-sword
330,51,flygon,the-crown-tundra-shield
331,15,cacnea,heartgold
331,9,cacnea,emerald
331,14,cacnea,platinum
331,13,cacnea,pearl
331,7,cacnea,ruby
331,8,cacnea,sapphire
331,12,cacnea,diamond
331,16,cacnea,soulsilver
332,15,cacturne,heartgold
332,23,cacturne,x
332,14,cacturne,platinum
332,13,cacturne,pearl
332,12,cacturne,diamond
332,24,cacturne,y
332,16,cacturne,soulsilver
333,15,swablu,heartgold
333,23,swablu,x
333,25,swablu,omega-ruby
333,9,swablu,emerald
333,36,swablu,the-crown-tundra-sword
333,14,swablu,platinum
333,13,swablu,pearl
333,26,swablu,alpha-sapphire
333,7,swablu,ruby
333,19,swablu,colosseum
333,8,swablu,sapphire
333,12,swablu,diamond
333,24,swablu,y
333,21,swablu,black-2
333,22,swablu,white-2
333,16,swablu,soulsilver
333,51,swablu,the-crown-tundra-shield
334,23,altaria,x
334,51,altaria,the-crown-tundra-shield
334,29,altaria,ultra-sun
334,18,altaria,white
334,9,altaria,emerald
334,36,altaria,the-crown-tundra-sword
334,7,altaria,ruby
334,30,altaria,ultra-moon
334,8,altaria,sapphire
334,20,altaria,xd
334,24,altaria,y
334,21,altaria,black-2
334,22,altaria,white-2
334,17,altaria,black
335,23,zangoose,x
335,15,zangoose,heartgold
335,18,zangoose,white
335,14,zangoose,platinum
335,13,zangoose,pearl
335,7,zangoose,ruby
335,20,zangoose,xd
335,12,zangoose,diamond
335,24,zangoose,y
335,21,zangoose,black-2
335,22,zangoose,white-2
335,16,zangoose,soulsilver
335,17,zangoose,black
336,23,seviper,x
336,15,seviper,heartgold
336,18,seviper,white
336,9,seviper,emerald
336,14,seviper,platinum
336,13,seviper,pearl
336,8,seviper,sapphire
336,12,seviper,diamond
336,24,seviper,y
336,21,seviper,black-2
336,22,seviper,white-2
336,16,seviper,soulsilver
336,17,seviper,black
337,23,lunatone,x
337,15,lunatone,heartgold
337,34,lunatone,shield
337,18,lunatone,white
337,14,lunatone,platinum
337,13,lunatone,pearl
337,20,lunatone,xd
337,8,lunatone,sapphire
337,12,lunatone,diamond
337,24,lunatone,y
337,21,lunatone,black-2
337,22,lunatone,white-2
337,16,lunatone,soulsilver
337,17,lunatone,black
338,23,solrock,x
338,15,solrock,heartgold
338,33,solrock,sword
338,18,solrock,white
338,9,solrock,emerald
338,14,solrock,platinum
338,13,solrock,pearl
338,7,solrock,ruby
338,20,solrock,xd
338,12,solrock,diamond
338,24,solrock,y
338,21,solrock,black-2
338,22,solrock,white-2
338,16,solrock,soulsilver
338,17,solrock,black
339,27,barboach,sun
339,36,barboach,the-crown-tundra-sword
339,21,barboach,black-2
339,17,barboach,black
339,50,barboach,the-isle-of-armor-shield
339,14,barboach,platinum
339,7,barboach,ruby
339,24,barboach,y
339,22,barboach,white-2
339,18,barboach,white
339,35,barboach,the-isle-of-armor-sword
339,13,barboach,pearl
339,30,barboach,ultra-moon
339,12,barboach,diamond
339,23,barboach,x
339,15,barboach,heartgold
339,33,barboach,sword
339,34,barboach,shield
339,9,barboach,emerald
339,28,barboach,moon
339,8,barboach,sapphire
339,29,barboach,ultra-sun
339,16,barboach,soulsilver
339,51,barboach,the-crown-tundra-shield
340,27,whiscash,sun
340,36,whiscash,the-crown-tundra-sword
340,21,whiscash,black-2
340,17,whiscash,black
340,50,whiscash,the-isle-of-armor-shield
340,14,whiscash,platinum
340,7,whiscash,ruby
340,24,whiscash,y
340,22,whiscash,white-2
340,18,whiscash,white
340,35,whiscash,the-isle-of-armor-sword
340,13,whiscash,pearl
340,30,whiscash,ultra-moon
340,12,whiscash,diamond
340,15,whiscash,heartgold
340,23,whiscash,x
340,33,whiscash,sword
340,34,whiscash,shield
340,9,whiscash,emerald
340,28,whiscash,moon
340,8,whiscash,sapphire
340,29,whiscash,ultra-sun
340,16,whiscash,soulsilver
340,51,whiscash,the-crown-tundra-shield
341,23,corphish,x
341,15,corphish,heartgold
341,33,corphish,sword
341,34,corphish,shield
341,50,corphish,the-isle-of-armor-shield
341,29,corphish,ultra-sun
341,35,corphish,the-isle-of-armor-sword
341,9,corphish,emerald
341,14,corphish,platinum
341,13,corphish,pearl
341,7,corphish,ruby
341,30,corphish,ultra-moon
341,8,corphish,sapphire
341,12,corphish,diamond
341,24,corphish,y
341,21,corphish,black-2
341,22,corphish,white-2
341,16,corphish,soulsilver
342,23,crawdaunt,x
342,33,crawdaunt,sword
342,34,crawdaunt,shield
342,50,crawdaunt,the-isle-of-armor-shield
342,29,crawdaunt,ultra-sun
342,35,crawdaunt,the-isle-of-armor-sword
342,36,crawdaunt,the-crown-tundra-sword
342,14,crawdaunt,platinum
342,13,crawdaunt,pearl
342,30,crawdaunt,ultra-moon
342,12,crawdaunt,diamond
342,24,crawdaunt,y
342,21,crawdaunt,black-2
342,22,crawdaunt,white-2
342,51,crawdaunt,the-crown-tundra-shield
343,15,baltoy,heartgold
343,33,baltoy,sword
343,34,baltoy,shield
343,9,baltoy,emerald
343,36,baltoy,the-crown-tundra-sword
343,7,baltoy,ruby
343,14,baltoy,platinum
343,13,baltoy,pearl
343,20,baltoy,xd
343,30,baltoy,ultra-moon
343,8,baltoy,sapphire
343,12,baltoy,diamond
343,21,baltoy,black-2
343,22,baltoy,white-2
344,33,claydol,sword
344,34,claydol,shield
344,51,claydol,the-crown-tundra-shield
344,18,claydol,white
344,9,claydol,emerald
344,7,claydol,ruby
344,8,claydol,sapphire
344,36,claydol,the-crown-tundra-sword
344,17,claydol,black
345,15,lileep,heartgold
345,29,lileep,ultra-sun
345,18,lileep,white
345,9,lileep,emerald
345,7,lileep,ruby
345,13,lileep,pearl
345,14,lileep,platinum
345,17,lileep,black
345,30,lileep,ultra-moon
345,8,lileep,sapphire
345,12,lileep,diamond
345,21,lileep,black-2
345,36,lileep,the-crown-tundra-sword
345,22,lileep,white-2
345,16,lileep,soulsilver
345,51,lileep,the-crown-tundra-shield
346,36,cradily,the-crown-tundra-sword
346,51,cradily,the-crown-tundra-shield
347,15,anorith,heartgold
347,29,anorith,ultra-sun
347,18,anorith,white
347,9,anorith,emerald
347,7,anorith,ruby
347,13,anorith,pearl
347,14,anorith,platinum
347,17,anorith,black
347,30,anorith,ultra-moon
347,8,anorith,sapphire
347,12,anorith,diamond
347,21,anorith,black-2
347,36,anorith,the-crown-tundra-sword
347,22,anorith,white-2
347,16,anorith,soulsilver
347,51,anorith,the-crown-tundra-shield
348,36,armaldo,the-crown-tundra-sword
348,51,armaldo,the-crown-tundra-shield
349,33,feebas,sword
349,34,feebas,shield
349,27,feebas,sun
349,51,feebas,the-crown-tundra-shield
349,29,feebas,ultra-sun
349,18,feebas,white
349,9,feebas,emerald
349,28,feebas,moon
349,36,feebas,the-crown-tundra-sword
349,14,feebas,platinum
349,13,feebas,pearl
349,7,feebas,ruby
349,30,feebas,ultra-moon
349,8,feebas,sapphire
349,12,feebas,diamond
349,21,feebas,black-2
349,22,feebas,white-2
349,17,feebas,black
350,33,milotic,sword
350,34,milotic,shield
350,18,milotic,white
350,21,milotic,black-2
350,51,milotic,the-crown-tundra-shield
350,36,milotic,the-crown-tundra-sword
350,22,milotic,white-2
350,17,milotic,black
351,25,castform,omega-ruby
351,27,castform,sun
351,29,castform,ultra-sun
351,9,castform,emerald
351,28,castform,moon
351,14,castform,platinum
351,13,castform,pearl
351,7,castform,ruby
351,26,castform,alpha-sapphire
351,30,castform,ultra-moon
351,8,castform,sapphire
351,12,castform,diamond
351,21,castform,black-2
351,22,castform,white-2
352,23,kecleon,x
352,25,kecleon,omega-ruby
352,29,kecleon,ultra-sun
352,9,kecleon,emerald
352,14,kecleon,platinum
352,7,kecleon,ruby
352,26,kecleon,alpha-sapphire
352,30,kecleon,ultra-moon
352,8,kecleon,sapphire
352,12,kecleon,diamond
352,24,kecleon,y
352,21,kecleon,black-2
352,22,kecleon,white-2
353,15,shuppet,heartgold
353,23,shuppet,x
353,25,shuppet,omega-ruby
353,9,shuppet,emerald
353,7,shuppet,ruby
353,26,shuppet,alpha-sapphire
353,30,shuppet,ultra-moon
353,8,shuppet,sapphire
353,24,shuppet,y
353,29,shuppet,ultra-sun
353,16,shuppet,soulsilver
354,23,banette,x
354,15,banette,heartgold
354,29,banette,ultra-sun
354,9,banette,emerald
354,14,banette,platinum
354,13,banette,pearl
354,20,banette,xd
354,30,banette,ultra-moon
354,8,banette,sapphire
354,12,banette,diamond
354,24,banette,y
354,21,banette,black-2
354,22,banette,white-2
354,16,banette,soulsilver
355,15,duskull,heartgold
355,33,duskull,sword
355,34,duskull,shield
355,9,duskull,emerald
355,14,duskull,platinum
355,13,duskull,pearl
355,7,duskull,ruby
355,8,duskull,sapphire
355,12,duskull,diamond
355,20,duskull,xd
355,16,duskull,soulsilver
356,15,dusclops,heartgold
356,33,dusclops,sword
356,34,dusclops,shield
356,23,dusclops,x
356,14,dusclops,platinum
356,13,dusclops,pearl
356,7,dusclops,ruby
356,12,dusclops,diamond
356,24,dusclops,y
356,36,dusclops,the-crown-tundra-sword
356,16,dusclops,soulsilver
356,51,dusclops,the-crown-tundra-shield
357,24,tropius,y
357,23,tropius,x
357,29,tropius,ultra-sun
357,18,tropius,white
357,9,tropius,emerald
357,7,tropius,ruby
357,14,tropius,platinum
357,30,tropius,ultra-moon
357,8,tropius,sapphire
357,19,tropius,colosseum
357,21,tropius,black-2
357,22,tropius,white-2
357,17,tropius,black
358,15,chimecho,heartgold
358,18,chimecho,white
358,9,chimecho,emerald
358,14,chimecho,platinum
358,13,chimecho,pearl
358,7,chimecho,ruby
358,8,chimecho,sapphire
358,12,chimecho,diamond
358,16,chimecho,soulsilver
358,17,chimecho,black
359,27,absol,sun
359,36,absol,the-crown-tundra-sword
359,21,absol,black-2
359,17,absol,black
359,14,absol,platinum
359,7,absol,ruby
359,24,absol,y
359,19,absol,colosseum
359,22,absol,white-2
359,18,absol,white
359,13,absol,pearl
359,30,absol,ultra-moon
359,12,absol,diamond
359,15,absol,heartgold
359,23,absol,x
359,9,absol,emerald
359,28,absol,moon
359,8,absol,sapphire
359,29,absol,ultra-sun
359,16,absol,soulsilver
359,51,absol,the-crown-tundra-shield
360,33,wynaut,sword
360,34,wynaut,shield
360,25,wynaut,omega-ruby
360,9,wynaut,emerald
360,7,wynaut,ruby
360,26,wynaut,alpha-sapphire
360,8,wynaut,sapphire
361,27,snorunt,sun
361,36,snorunt,the-crown-tundra-sword
361,25,snorunt,omega-ruby
361,14,snorunt,platinum
361,7,snorunt,ruby
361,24,snorunt,y
361,13,snorunt,pearl
361,30,snorunt,ultra-moon
361,12,snorunt,diamond
361,20,snorunt,xd
361,34,snorunt,shield
361,33,snorunt,sword
361,23,snorunt,x
361,28,snorunt,moon
361,9,snorunt,emerald
361,26,snorunt,alpha-sapphire
361,8,snorunt,sapphire
361,29,snorunt,ultra-sun
361,51,snorunt,the-crown-tundra-shield
362,34,glalie,shield
362,33,glalie,sword
362,27,glalie,sun
362,29,glalie,ultra-sun
362,28,glalie,moon
362,30,glalie,ultra-moon
362,36,glalie,the-crown-tundra-sword
362,51,glalie,the-crown-tundra-shield
363,27,spheal,sun
363,36,spheal,the-crown-tundra-sword
363,21,spheal,black-2
363,17,spheal,black
363,25,spheal,omega-ruby
363,7,spheal,ruby
363,24,spheal,y
363,22,spheal,white-2
363,18,spheal,white
363,13,spheal,pearl
363,30,spheal,ultra-moon
363,20,spheal,xd
363,15,spheal,heartgold
363,23,spheal,x
363,9,spheal,emerald
363,28,spheal,moon
363,26,spheal,alpha-sapphire
363,8,spheal,sapphire
363,29,spheal,ultra-sun
363,16,spheal,soulsilver
363,51,spheal,the-crown-tundra-shield
364,15,sealeo,heartgold
364,18,sealeo,white
364,36,sealeo,the-crown-tundra-sword
364,14,sealeo,platinum
364,13,sealeo,pearl
364,51,sealeo,the-crown-tundra-shield
364,21,sealeo,black-2
364,22,sealeo,white-2
364,16,sealeo,soulsilver
364,17,sealeo,black
365,18,walrein,white
365,21,walrein,black-2
365,51,walrein,the-crown-tundra-shield
365,36,walrein,the-crown-tundra-sword
365,22,walrein,white-2
365,17,walrein,black
366,15,clamperl,heartgold
366,23,clamperl,x
366,29,clamperl,ultra-sun
366,18,clamperl,white
366,9,clamperl,emerald
366,7,clamperl,ruby
366,13,clamperl,pearl
366,30,clamperl,ultra-moon
366,8,clamperl,sapphire
366,12,clamperl,diamond
366,24,clamperl,y
366,21,clamperl,black-2
366,22,clamperl,white-2
366,16,clamperl,soulsilver
366,17,clamperl,black
367,23,huntail,x
367,29,huntail,ultra-sun
367,30,huntail,ultra-moon
367,21,huntail,black-2
367,17,huntail,black
368,18,gorebyss,white
368,30,gorebyss,ultra-moon
368,24,gorebyss,y
368,29,gorebyss,ultra-sun
368,22,gorebyss,white-2
369,27,relicanth,sun
369,36,relicanth,the-crown-tundra-sword
369,21,relicanth,black-2
369,17,relicanth,black
369,14,relicanth,platinum
369,7,relicanth,ruby
369,24,relicanth,y
369,22,relicanth,white-2
369,18,relicanth,white
369,13,relicanth,pearl
369,30,relicanth,ultra-moon
369,12,relicanth,diamond
369,15,relicanth,heartgold
369,23,relicanth,x
369,9,relicanth,emerald
369,28,relicanth,moon
369,8,relicanth,sapphire
369,29,relicanth,ultra-sun
369,16,relicanth,soulsilver
369,51,relicanth,the-crown-tundra-shield
370,15,luvdisc,heartgold
370,23,luvdisc,x
370,27,luvdisc,sun
370,29,luvdisc,ultra-sun
370,18,luvdisc,white
370,9,luvdisc,emerald
370,28,luvdisc,moon
370,14,luvdisc,platinum
370,13,luvdisc,pearl
370,7,luvdisc,ruby
370,30,luvdisc,ultra-moon
370,8,luvdisc,sapphire
370,12,luvdisc,diamond
370,24,luvdisc,y
370,21,luvdisc,black-2
370,22,luvdisc,white-2
370,16,luvdisc,soulsilver
370,17,luvdisc,black
371,23,bagon,x
371,15,bagon,heartgold
371,25,bagon,omega-ruby
371,27,bagon,sun
371,29,bagon,ultra-sun
371,9,bagon,emerald
371,28,bagon,moon
371,7,bagon,ruby
371,14,bagon,platinum
371,13,bagon,pearl
371,26,bagon,alpha-sapphire
371,30,bagon,ultra-moon
371,8,bagon,sapphire
371,21,bagon,black-2
371,24,bagon,y
371,36,bagon,the-crown-tundra-sword
371,22,bagon,white-2
371,16,bagon,soulsilver
372,15,shelgon,heartgold
372,23,shelgon,x
372,27,shelgon,sun
372,28,shelgon,moon
372,36,shelgon,the-crown-tundra-sword
372,30,shelgon,ultra-moon
372,24,shelgon,y
372,29,shelgon,ultra-sun
372,16,shelgon,soulsilver
373,27,salamence,sun
373,29,salamence,ultra-sun
373,28,salamence,moon
373,30,salamence,ultra-moon
373,20,salamence,xd
373,36,salamence,the-crown-tundra-sword
374,15,beldum,heartgold
374,25,beldum,omega-ruby
374,27,beldum,sun
374,29,beldum,ultra-sun
374,9,beldum,emerald
374,28,beldum,moon
374,14,beldum,platinum
374,13,beldum,pearl
374,7,beldum,ruby
374,26,beldum,alpha-sapphire
374,30,beldum,ultra-moon
374,8,beldum,sapphire
374,12,beldum,diamond
374,36,beldum,the-crown-tundra-sword
374,16,beldum,soulsilver
374,51,beldum,the-crown-tundra-shield
375,15,metang,heartgold
375,23,metang,x
375,27,metang,sun
375,18,metang,white
375,28,metang,moon
375,36,metang,the-crown-tundra-sword
375,51,metang,the-crown-tundra-shield
375,24,metang,y
375,21,metang,black-2
375,22,metang,white-2
375,16,metang,soulsilver
375,17,metang,black
376,18,metagross,white
376,21,metagross,black-2
376,51,metagross,the-crown-tundra-shield
376,19,metagross,colosseum
376,36,metagross,the-crown-tundra-sword
376,22,metagross,white-2
376,17,metagross,black
377,25,regirock,omega-ruby
377,29,regirock,ultra-sun
377,9,regirock,emerald
377,36,regirock,the-crown-tundra-sword
377,7,regirock,ruby
377,26,regirock,alpha-sapphire
377,30,regirock,ultra-moon
377,8,regirock,sapphire
377,21,regirock,black-2
377,22,regirock,white-2
377,51,regirock,the-crown-tundra-shield
378,25,regice,omega-ruby
378,29,regice,ultra-sun
378,9,regice,emerald
378,36,regice,the-crown-tundra-sword
378,7,regice,ruby
378,26,regice,alpha-sapphire
378,30,regice,ultra-moon
378,8,regice,sapphire
378,21,regice,black-2
378,22,regice,white-2
378,51,regice,the-crown-tundra-shield
379,25,registeel,omega-ruby
379,29,registeel,ultra-sun
379,9,registeel,emerald
379,36,registeel,the-crown-tundra-sword
379,7,registeel,ruby
379,26,registeel,alpha-sapphire
379,30,registeel,ultra-moon
379,8,registeel,sapphire
379,21,registeel,black-2
379,22,registeel,white-2
379,51,registeel,the-crown-tundra-shield
380,15,latias,heartgold
380,25,latias,omega-ruby
380,9,latias,emerald
380,7,latias,ruby
380,26,latias,alpha-sapphire
380,30,latias,ultra-moon
380,8,latias,sapphire
380,22,latias,white-2
380,51,latias,the-crown-tundra-shield
381,25,latios,omega-ruby
381,29,latios,ultra-sun
381,9,latios,emerald
381,36,latios,the-crown-tundra-sword
381,7,latios,ruby
381,26,latios,alpha-sapphire
381,8,latios,sapphire
381,21,latios,black-2
381,16,latios,soulsilver
382,15,kyogre,heartgold
382,9,kyogre,emerald
382,26,kyogre,alpha-sapphire
382,30,kyogre,ultra-moon
382,8,kyogre,sapphire
382,51,kyogre,the-crown-tundra-shield
383,25,groudon,omega-ruby
383,29,groudon,ultra-sun
383,9,groudon,emerald
383,7,groudon,ruby
383,36,groudon,the-crown-tundra-sword
383,16,groudon,soulsilver
384,15,rayquaza,heartgold
384,25,rayquaza,omega-ruby
384,29,rayquaza,ultra-sun
384,9,rayquaza,emerald
384,7,rayquaza,ruby
384,26,rayquaza,alpha-sapphire
384,30,rayquaza,ultra-moon
384,8,rayquaza,sapphire
384,36,rayquaza,the-crown-tundra-sword
384,16,rayquaza,soulsilver
384,51,rayquaza,the-crown-tundra-shield
385,7,jirachi,ruby
385,8,jirachi,sapphire
386,25,deoxys-normal,omega-ruby
386,9,deoxys-normal,emerald
386,26,deoxys-normal,alpha-sapphire
386,10,deoxys-normal,firered
386,11,deoxys-normal,leafgreen
387,25,turtwig,omega-ruby
387,14,turtwig,platinum
387,13,turtwig,pearl
387,26,turtwig,alpha-sapphire
387,12,turtwig,diamond
388,29,grotle,ultra-sun
388,30,grotle,ultra-moon
390,25,chimchar,omega-ruby
390,14,chimchar,platinum
390,13,chimchar,pearl
390,26,chimchar,alpha-sapphire
390,12,chimchar,diamond
391,29,monferno,ultra-sun
391,30,monferno,ultra-moon
393,25,piplup,omega-ruby
393,14,piplup,platinum
393,13,piplup,pearl
393,26,piplup,alpha-sapphire
393,12,piplup,diamond
394,29,prinplup,ultra-sun
394,30,prinplup,ultra-moon
396,23,starly,x
396,15,starly,heartgold
396,14,starly,platinum
396,13,starly,pearl
396,12,starly,diamond
396,24,starly,y
396,16,starly,soulsilver
397,23,staravia,x
397,27,staravia,sun
397,28,staravia,moon
397,14,staravia,platinum
397,13,staravia,pearl
397,12,staravia,diamond
397,24,staravia,y
399,15,bidoof,heartgold
399,23,bidoof,x
399,14,bidoof,platinum
399,13,bidoof,pearl
399,12,bidoof,diamond
399,24,bidoof,y
399,16,bidoof,soulsilver
400,23,bibarel,x
400,18,bibarel,white
400,14,bibarel,platinum
400,13,bibarel,pearl
400,12,bibarel,diamond
400,24,bibarel,y
400,21,bibarel,black-2
400,22,bibarel,white-2
400,17,bibarel,black
401,15,kricketot,heartgold
401,14,kricketot,platinum
401,13,kricketot,pearl
401,12,kricketot,diamond
401,16,kricketot,soulsilver
402,15,kricketune,heartgold
402,25,kricketune,omega-ruby
402,18,kricketune,white
402,14,kricketune,platinum
402,13,kricketune,pearl
402,26,kricketune,alpha-sapphire
402,12,kricketune,diamond
402,16,kricketune,soulsilver
402,17,kricketune,black
403,15,shinx,heartgold
403,50,shinx,the-isle-of-armor-shield
403,35,shinx,the-isle-of-armor-sword
403,14,shinx,platinum
403,13,shinx,pearl
403,12,shinx,diamond
403,16,shinx,soulsilver
404,15,luxio,heartgold
404,23,luxio,x
404,27,luxio,sun
404,50,luxio,the-isle-of-armor-shield
404,35,luxio,the-isle-of-armor-sword
404,28,luxio,moon
404,14,luxio,platinum
404,13,luxio,pearl
404,12,luxio,diamond
404,24,luxio,y
404,16,luxio,soulsilver
405,36,luxray,the-crown-tundra-sword
405,50,luxray,the-isle-of-armor-shield
405,35,luxray,the-isle-of-armor-sword
405,51,luxray,the-crown-tundra-shield
406,15,budew,heartgold
406,23,budew,x
406,33,budew,sword
406,34,budew,shield
406,14,budew,platinum
406,13,budew,pearl
406,12,budew,diamond
406,24,budew,y
406,16,budew,soulsilver
407,34,roserade,shield
407,33,roserade,sword
407,50,roserade,the-isle-of-armor-shield
407,35,roserade,the-isle-of-armor-sword
407,21,roserade,black-2
407,22,roserade,white-2
408,15,cranidos,heartgold
408,27,cranidos,sun
408,18,cranidos,white
408,28,cranidos,moon
408,14,cranidos,platinum
408,13,cranidos,pearl
408,21,cranidos,black-2
408,30,cranidos,ultra-moon
408,12,cranidos,diamond
408,29,cranidos,ultra-sun
408,22,cranidos,white-2
408,16,cranidos,soulsilver
408,17,cranidos,black
410,15,shieldon,heartgold
410,27,shieldon,sun
410,18,shieldon,white
410,28,shieldon,moon
410,14,shieldon,platinum
410,13,shieldon,pearl
410,21,shieldon,black-2
410,30,shieldon,ultra-moon
410,12,shieldon,diamond
410,29,shieldon,ultra-sun
410,22,shieldon,white-2
410,16,shieldon,soulsilver
410,17,shieldon,black
412,15,burmy,heartgold
412,23,burmy,x
412,14,burmy,platinum
412,13,burmy,pearl
412,12,burmy,diamond
412,24,burmy,y
412,16,burmy,soulsilver
415,15,combee,heartgold
415,23,combee,x
415,33,combee,sword
415,34,combee,shield
415,50,combee,the-isle-of-armor-shield
415,18,combee,white
415,35,combee,the-isle-of-armor-sword
415,14,combee,platinum
415,13,combee,pearl
415,12,combee,diamond
415,24,combee,y
415,21,combee,black-2
415,22,combee,white-2
415,16,combee,soulsilver
415,17,combee,black
416,33,vespiquen,sword
416,34,vespiquen,shield
416,50,vespiquen,the-isle-of-armor-shield
416,18,vespiquen,white
416,35,vespiquen,the-isle-of-armor-sword
416,21,vespiquen,black-2
416,51,vespiquen,the-crown-tundra-shield
416,36,vespiquen,the-crown-tundra-sword
416,22,vespiquen,white-2
416,17,vespiquen,black
417,23,pachirisu,x
417,15,pachirisu,heartgold
417,14,pachirisu,platinum
417,13,pachirisu,pearl
417,12,pachirisu,diamond
417,24,pachirisu,y
417,21,pachirisu,black-2
417,22,pachirisu,white-2
417,16,pachirisu,soulsilver
418,15,buizel,heartgold
418,18,buizel,white
418,14,buizel,platinum
418,13,buizel,pearl
418,12,buizel,diamond
418,21,buizel,black-2
418,22,buizel,white-2
418,16,buizel,soulsilver
418,17,buizel,black
419,23,floatzel,x
419,15,floatzel,heartgold
419,29,floatzel,ultra-sun
419,18,floatzel,white
419,14,floatzel,platinum
419,13,floatzel,pearl
419,30,floatzel,ultra-moon
419,12,floatzel,diamond
419,24,floatzel,y
419,21,floatzel,black-2
419,22,floatzel,white-2
419,16,floatzel,soulsilver
419,17,floatzel,black
420,15,cherubi,heartgold
420,33,cherubi,sword
420,34,cherubi,shield
420,50,cherubi,the-isle-of-armor-shield
420,35,cherubi,the-isle-of-armor-sword
420,14,cherubi,platinum
420,13,cherubi,pearl
420,12,cherubi,diamond
420,16,cherubi,soulsilver
421,33,cherrim,sword
421,34,cherrim,shield
421,25,cherrim,omega-ruby
421,18,cherrim,white
421,26,cherrim,alpha-sapphire
421,17,cherrim,black
421,36,cherrim,the-crown-tundra-sword
421,51,cherrim,the-crown-tundra-shield
422,34,shellos,shield
422,33,shellos,sword
422,14,shellos,platinum
422,13,shellos,pearl
422,30,shellos,ultra-moon
422,12,shellos,diamond
422,29,shellos,ultra-sun
423,34,gastrodon,shield
423,33,gastrodon,sword
423,23,gastrodon,x
423,27,gastrodon,sun
423,29,gastrodon,ultra-sun
423,28,gastrodon,moon
423,14,gastrodon,platinum
423,13,gastrodon,pearl
423,30,gastrodon,ultra-moon
423,12,gastrodon,diamond
423,24,gastrodon,y
423,36,gastrodon,the-crown-tundra-sword
423,51,gastrodon,the-crown-tundra-shield
424,29,ambipom,ultra-sun
424,21,ambipom,black-2
424,30,ambipom,ultra-moon
424,22,ambipom,white-2
425,23,drifloon,x
425,33,drifloon,sword
425,34,drifloon,shield
425,27,drifloon,sun
425,50,drifloon,the-isle-of-armor-shield
425,35,drifloon,the-isle-of-armor-sword
425,28,drifloon,moon
425,14,drifloon,platinum
425,13,drifloon,pearl
425,21,drifloon,black-2
425,30,drifloon,ultra-moon
425,12,drifloon,diamond
425,24,drifloon,y
425,29,drifloon,ultra-sun
425,22,drifloon,white-2
426,33,drifblim,sword
426,34,drifblim,shield
426,23,drifblim,x
426,27,drifblim,sun
426,50,drifblim,the-isle-of-armor-shield
426,18,drifblim,white
426,35,drifblim,the-isle-of-armor-sword
426,28,drifblim,moon
426,36,drifblim,the-crown-tundra-sword
426,51,drifblim,the-crown-tundra-shield
426,24,drifblim,y
426,21,drifblim,black-2
426,22,drifblim,white-2
426,17,drifblim,black
427,15,buneary,heartgold
427,50,buneary,the-isle-of-armor-shield
427,29,buneary,ultra-sun
427,35,buneary,the-isle-of-armor-sword
427,14,buneary,platinum
427,13,buneary,pearl
427,30,buneary,ultra-moon
427,12,buneary,diamond
427,21,buneary,black-2
427,16,buneary,soulsilver
428,50,lopunny,the-isle-of-armor-shield
428,29,lopunny,ultra-sun
428,35,lopunny,the-isle-of-armor-sword
428,21,lopunny,black-2
428,30,lopunny,ultra-moon
428,36,lopunny,the-crown-tundra-sword
428,51,lopunny,the-crown-tundra-shield
429,27,mismagius,sun
429,18,mismagius,white
429,28,mismagius,moon
430,29,honchkrow,ultra-sun
430,30,honchkrow,ultra-moon
430,17,honchkrow,black
431,13,glameow,pearl
431,26,glameow,alpha-sapphire
431,25,glameow,omega-ruby
432,13,purugly,pearl
432,26,purugly,alpha-sapphire
432,25,purugly,omega-ruby
433,15,chingling,heartgold
433,23,chingling,x
433,14,chingling,platinum
433,13,chingling,pearl
433,12,chingling,diamond
433,24,chingling,y
433,16,chingling,soulsilver
434,23,stunky,x
434,34,stunky,shield
434,33,stunky,sword
434,12,stunky,diamond
434,24,stunky,y
435,33,skuntank,sword
435,34,skuntank,shield
435,12,skuntank,diamond
435,36,skuntank,the-crown-tundra-sword
435,51,skuntank,the-crown-tundra-shield
436,15,bronzor,heartgold
436,33,bronzor,sword
436,34,bronzor,shield
436,50,bronzor,the-isle-of-armor-shield
436,35,bronzor,the-isle-of-armor-sword
436,36,bronzor,the-crown-tundra-sword
436,14,bronzor,platinum
436,13,bronzor,pearl
436,12,bronzor,diamond
436,21,bronzor,black-2
436,22,bronzor,white-2
436,16,bronzor,soulsilver
436,51,bronzor,the-crown-tundra-shield
437,15,bronzong,heartgold
437,33,bronzong,sword
437,34,bronzong,shield
437,23,bronzong,x
437,50,bronzong,the-isle-of-armor-shield
437,18,bronzong,white
437,35,bronzong,the-isle-of-armor-sword
437,36,bronzong,the-crown-tundra-sword
437,14,bronzong,platinum
437,13,bronzong,pearl
437,51,bronzong,the-crown-tundra-shield
437,12,bronzong,diamond
437,24,bronzong,y
437,21,bronzong,black-2
437,22,bronzong,white-2
437,16,bronzong,soulsilver
437,17,bronzong,black
438,34,bonsly,shield
438,33,bonsly,sword
438,27,bonsly,sun
438,50,bonsly,the-isle-of-armor-shield
438,35,bonsly,the-isle-of-armor-sword
438,28,bonsly,moon
438,14,bonsly,platinum
438,13,bonsly,pearl
438,30,bonsly,ultra-moon
438,12,bonsly,diamond
438,29,bonsly,ultra-sun
439,23,mime-jr,x
439,33,mime-jr,sword
439,34,mime-jr,shield
439,29,mime-jr,ultra-sun
439,14,mime-jr,platinum
439,13,mime-jr,pearl
439,30,mime-jr,ultra-moon
439,12,mime-jr,diamond
439,24,mime-jr,y
439,36,mime-jr,the-crown-tundra-sword
439,51,mime-jr,the-crown-tundra-shield
440,25,happiny,omega-ruby
440,27,happiny,sun
440,50,happiny,the-isle-of-armor-shield
440,29,happiny,ultra-sun
440,35,happiny,the-isle-of-armor-sword
440,28,happiny,moon
440,14,happiny,platinum
440,13,happiny,pearl
440,26,happiny,alpha-sapphire
440,30,happiny,ultra-moon
440,12,happiny,diamond
440,21,happiny,black-2
440,22,happiny,white-2
441,15,chatot,heartgold
441,23,chatot,x
441,14,chatot,platinum
441,13,chatot,pearl
441,12,chatot,diamond
441,24,chatot,y
441,21,chatot,black-2
441,22,chatot,white-2
441,16,chatot,soulsilver
442,23,spiritomb,x
442,25,spiritomb,omega-ruby
442,14,spiritomb,platinum
442,13,spiritomb,pearl
442,26,spiritomb,alpha-sapphire
442,12,spiritomb,diamond
442,24,spiritomb,y
442,36,spiritomb,the-crown-tundra-sword
442,51,spiritomb,the-crown-tundra-shield
443,23,gible,x
443,15,gible,heartgold
443,14,gible,platinum
443,13,gible,pearl
443,12,gible,diamond
443,24,gible,y
443,21,gible,black-2
443,16,gible,soulsilver
443,51,gible,the-crown-tundra-shield
444,23,gabite,x
444,27,gabite,sun
444,28,gabite,moon
444,14,gabite,platinum
444,30,gabite,ultra-moon
444,24,gabite,y
444,29,gabite,ultra-sun
444,51,gabite,the-crown-tundra-shield
445,51,garchomp,the-crown-tundra-shield
446,33,munchlax,sword
446,34,munchlax,shield
446,27,munchlax,sun
446,29,munchlax,ultra-sun
446,28,munchlax,moon
446,14,munchlax,platinum
446,13,munchlax,pearl
446,30,munchlax,ultra-moon
446,12,munchlax,diamond
446,36,munchlax,the-crown-tundra-sword
446,51,munchlax,the-crown-tundra-shield
447,27,riolu,sun
447,36,riolu,the-crown-tundra-sword
447,21,riolu,black-2
447,17,riolu,black
447,14,riolu,platinum
447,24,riolu,y
447,22,riolu,white-2
447,18,riolu,white
447,13,riolu,pearl
447,30,riolu,ultra-moon
447,12,riolu,diamond
447,23,riolu,x
447,15,riolu,heartgold
447,33,riolu,sword
447,34,riolu,shield
447,28,riolu,moon
447,29,riolu,ultra-sun
447,16,riolu,soulsilver
447,51,riolu,the-crown-tundra-shield
448,34,lucario,shield
448,23,lucario,x
448,33,lucario,sword
448,27,lucario,sun
448,29,lucario,ultra-sun
448,50,lucario,the-isle-of-armor-shield
448,35,lucario,the-isle-of-armor-sword
448,28,lucario,moon
448,30,lucario,ultra-moon
448,24,lucario,y
448,36,lucario,the-crown-tundra-sword
448,51,lucario,the-crown-tundra-shield
449,23,hippopotas,x
449,15,hippopotas,heartgold
449,33,hippopotas,sword
449,34,hippopotas,shield
449,14,hippopotas,platinum
449,13,hippopotas,pearl
449,12,hippopotas,diamond
449,24,hippopotas,y
449,16,hippopotas,soulsilver
450,34,hippowdon,shield
450,33,hippowdon,sword
450,14,hippowdon,platinum
450,13,hippowdon,pearl
450,30,hippowdon,ultra-moon
450,12,hippowdon,diamond
450,29,hippowdon,ultra-sun
451,23,skorupi,x
451,15,skorupi,heartgold
451,33,skorupi,sword
451,34,skorupi,shield
451,50,skorupi,the-isle-of-armor-shield
451,35,skorupi,the-isle-of-armor-sword
451,14,skorupi,platinum
451,13,skorupi,pearl
451,12,skorupi,diamond
451,24,skorupi,y
451,21,skorupi,black-2
451,22,skorupi,white-2
451,16,skorupi,soulsilver
452,23,drapion,x
452,33,drapion,sword
452,34,drapion,shield
452,50,drapion,the-isle-of-armor-shield
452,29,drapion,ultra-sun
452,35,drapion,the-isle-of-armor-sword
452,14,drapion,platinum
452,13,drapion,pearl
452,30,drapion,ultra-moon
452,12,drapion,diamond
452,24,drapion,y
452,36,drapion,the-crown-tundra-sword
452,51,drapion,the-crown-tundra-shield
453,23,croagunk,x
453,15,croagunk,heartgold
453,34,croagunk,shield
453,50,croagunk,the-isle-of-armor-shield
453,14,croagunk,platinum
453,13,croagunk,pearl
453,12,croagunk,diamond
453,24,croagunk,y
453,21,croagunk,black-2
453,22,croagunk,white-2
453,16,croagunk,soulsilver
454,34,toxicroak,shield
454,23,toxicroak,x
454,50,toxicroak,the-isle-of-armor-shield
454,14,toxicroak,platinum
454,13,toxicroak,pearl
454,12,toxicroak,diamond
454,24,toxicroak,y
454,21,toxicroak,black-2
454,22,toxicroak,white-2
455,15,carnivine,heartgold
455,23,carnivine,x
455,14,carnivine,platinum
455,13,carnivine,pearl
455,12,carnivine,diamond
455,24,carnivine,y
455,21,carnivine,black-2
455,22,carnivine,white-2
455,16,carnivine,soulsilver
456,27,finneon,sun
456,29,finneon,ultra-sun
456,18,finneon,white
456,28,finneon,moon
456,14,finneon,platinum
456,13,finneon,pearl
456,30,finneon,ultra-moon
456,12,finneon,diamond
456,21,finneon,black-2
456,22,finneon,white-2
456,17,finneon,black
457,27,lumineon,sun
457,29,lumineon,ultra-sun
457,18,lumineon,white
457,28,lumineon,moon
457,14,lumineon,platinum
457,13,lumineon,pearl
457,30,lumineon,ultra-moon
457,12,lumineon,diamond
457,21,lumineon,black-2
457,22,lumineon,white-2
457,17,lumineon,black
458,23,mantyke,x
458,33,mantyke,sword
458,34,mantyke,shield
458,50,mantyke,the-isle-of-armor-shield
458,29,mantyke,ultra-sun
458,18,mantyke,white
458,35,mantyke,the-isle-of-armor-sword
458,14,mantyke,platinum
458,13,mantyke,pearl
458,30,mantyke,ultra-moon
458,12,mantyke,diamond
458,24,mantyke,y
458,21,mantyke,black-2
458,22,mantyke,white-2
458,17,mantyke,black
459,23,snover,x
459,33,snover,sword
459,34,snover,shield
459,14,snover,platinum
459,13,snover,pearl
459,12,snover,diamond
459,24,snover,y
459,36,snover,the-crown-tundra-sword
459,51,snover,the-crown-tundra-shield
460,23,abomasnow,x
460,33,abomasnow,sword
460,34,abomasnow,shield
460,29,abomasnow,ultra-sun
460,50,abomasnow,the-isle-of-armor-shield
460,35,abomasnow,the-isle-of-armor-sword
460,14,abomasnow,platinum
460,13,abomasnow,pearl
460,30,abomasnow,ultra-moon
460,12,abomasnow,diamond
460,24,abomasnow,y
460,36,abomasnow,the-crown-tundra-sword
460,51,abomasnow,the-crown-tundra-shield
461,34,weavile,shield
461,33,weavile,sword
461,36,weavile,the-crown-tundra-sword
461,51,weavile,the-crown-tundra-shield
462,50,magnezone,the-isle-of-armor-shield
462,21,magnezone,black-2
462,22,magnezone,white-2
462,35,magnezone,the-isle-of-armor-sword
463,50,lickilicky,the-isle-of-armor-shield
463,21,lickilicky,black-2
463,22,lickilicky,white-2
463,35,lickilicky,the-isle-of-armor-sword
464,34,rhyperior,shield
464,33,rhyperior,sword
464,50,rhyperior,the-isle-of-armor-shield
464,35,rhyperior,the-isle-of-armor-sword
465,50,tangrowth,the-isle-of-armor-shield
465,35,tangrowth,the-isle-of-armor-sword
465,18,tangrowth,white
465,21,tangrowth,black-2
465,22,tangrowth,white-2
465,17,tangrowth,black
466,36,electivire,the-crown-tundra-sword
466,51,electivire,the-crown-tundra-shield
467,36,magmortar,the-crown-tundra-sword
467,51,magmortar,the-crown-tundra-shield
468,34,togekiss,shield
468,27,togekiss,sun
468,33,togekiss,sword
468,28,togekiss,moon
469,21,yanmega,black-2
469,22,yanmega,white-2
469,29,yanmega,ultra-sun
469,30,yanmega,ultra-moon
470,34,leafeon,shield
470,33,leafeon,sword
470,36,leafeon,the-crown-tundra-sword
470,51,leafeon,the-crown-tundra-shield
471,34,glaceon,shield
471,33,glaceon,sword
471,36,glaceon,the-crown-tundra-sword
471,51,glaceon,the-crown-tundra-shield
472,21,gliscor,black-2
472,22,gliscor,white-2
472,18,gliscor,white
472,17,gliscor,black
473,33,mamoswine,sword
473,34,mamoswine,shield
473,18,mamoswine,white
473,21,mamoswine,black-2
473,51,mamoswine,the-crown-tundra-shield
473,36,mamoswine,the-crown-tundra-sword
473,22,mamoswine,white-2
473,17,mamoswine,black
475,34,gallade,shield
475,33,gallade,sword
475,50,gallade,the-isle-of-armor-shield
475,35,gallade,the-isle-of-armor-sword
477,34,dusknoir,shield
477,33,dusknoir,sword
478,34,froslass,shield
478,33,froslass,sword
478,36,froslass,the-crown-tundra-sword
478,51,froslass,the-crown-tundra-shield
479,23,rotom,x
479,33,rotom,sword
479,34,rotom,shield
479,50,rotom,the-isle-of-armor-shield
479,29,rotom,ultra-sun
479,35,rotom,the-isle-of-armor-sword
479,36,rotom,the-crown-tundra-sword
479,14,rotom,platinum
479,13,rotom,pearl
479,30,rotom,ultra-moon
479,12,rotom,diamond
479,24,rotom,y
479,21,rotom,black-2
479,22,rotom,white-2
479,51,rotom,the-crown-tundra-shield
480,25,uxie,omega-ruby
480,29,uxie,ultra-sun
480,36,uxie,the-crown-tundra-sword
480,14,uxie,platinum
480,13,uxie,pearl
480,26,uxie,alpha-sapphire
480,30,uxie,ultra-moon
480,12,uxie,diamond
480,21,uxie,black-2
480,22,uxie,white-2
480,51,uxie,the-crown-tundra-shield
481,25,mesprit,omega-ruby
481,29,mesprit,ultra-sun
481,36,mesprit,the-crown-tundra-sword
481,14,mesprit,platinum
481,13,mesprit,pearl
481,26,mesprit,alpha-sapphire
481,30,mesprit,ultra-moon
481,12,mesprit,diamond
481,21,mesprit,black-2
481,22,mesprit,white-2
481,51,mesprit,the-crown-tundra-shield
482,25,azelf,omega-ruby
482,29,azelf,ultra-sun
482,36,azelf,the-crown-tundra-sword
482,14,azelf,platinum
482,13,azelf,pearl
482,26,azelf,alpha-sapphire
482,30,azelf,ultra-moon
482,12,azelf,diamond
482,21,azelf,black-2
482,22,azelf,white-2
482,51,azelf,the-crown-tundra-shield
483,15,dialga,heartgold
483,29,dialga,ultra-sun
483,14,dialga,platinum
483,26,dialga,alpha-sapphire
483,12,dialga,diamond
483,36,dialga,the-crown-tundra-sword
483,16,dialga,soulsilver
484,15,palkia,heartgold
484,25,palkia,omega-ruby
484,14,palkia,platinum
484,13,palkia,pearl
484,30,palkia,ultra-moon
484,16,palkia,soulsilver
484,51,palkia,the-crown-tundra-shield
485,25,heatran,omega-ruby
485,29,heatran,ultra-sun
485,14,heatran,platinum
485,13,heatran,pearl
485,26,heatran,alpha-sapphire
485,21,heatran,black-2
485,12,heatran,diamond
485,36,heatran,the-crown-tundra-sword
485,22,heatran,white-2
485,51,heatran,the-crown-tundra-shield
486,25,regigigas,omega-ruby
486,14,regigigas,platinum
486,13,regigigas,pearl
486,26,regigigas,alpha-sapphire
486,21,regigigas,black-2
486,30,regigigas,ultra-moon
486,12,regigigas,diamond
486,36,regigigas,the-crown-tundra-sword
486,22,regigigas,white-2
486,51,regigigas,the-crown-tundra-shield
487,15,giratina-altered,heartgold
487,25,giratina-altered,omega-ruby
487,29,giratina-altered,ultra-sun
487,14,giratina-altered,platinum
487,26,giratina-altered,alpha-sapphire
487,30,giratina-altered,ultra-moon
487,36,giratina-altered,the-crown-tundra-sword
487,16,giratina-altered,soulsilver
487,51,giratina-altered,the-crown-tundra-shield
488,25,cresselia,omega-ruby
488,29,cresselia,ultra-sun
488,36,cresselia,the-crown-tundra-sword
488,14,cresselia,platinum
488,13,cresselia,pearl
488,26,cresselia,alpha-sapphire
488,30,cresselia,ultra-moon
488,12,cresselia,diamond
488,21,cresselia,black-2
488,22,cresselia,white-2
488,51,cresselia,the-crown-tundra-shield
490,15,manaphy,heartgold
490,14,manaphy,platinum
490,13,manaphy,pearl
490,12,manaphy,diamond
490,16,manaphy,soulsilver
491,12,darkrai,diamond
491,14,darkrai,platinum
491,13,darkrai,pearl
492,12,shaymin-land,diamond
492,14,shaymin-land,platinum
492,13,shaymin-land,pearl
493,12,arceus,diamond
493,14,arceus,platinum
493,13,arceus,pearl
494,18,victini,white
494,17,victini,black
495,25,snivy,omega-ruby
495,18,snivy,white
495,26,snivy,alpha-sapphire
495,21,snivy,black-2
495,22,snivy,white-2
495,17,snivy,black
497,27,serperior,sun
497,28,serperior,moon
498,25,tepig,omega-ruby
498,18,tepig,white
498,26,tepig,alpha-sapphire
498,21,tepig,black-2
498,22,tepig,white-2
498,17,tepig,black
500,27,emboar,sun
500,28,emboar,moon
501,25,oshawott,omega-ruby
501,18,oshawott,white
501,26,oshawott,alpha-sapphire
501,21,oshawott,black-2
501,22,oshawott,white-2
501,17,oshawott,black
503,27,samurott,sun
503,28,samurott,moon
504,21,patrat,black-2
504,22,patrat,white-2
504,18,patrat,white
504,17,patrat,black
505,23,watchog,x
505,18,watchog,white
505,24,watchog,y
505,21,watchog,black-2
505,22,watchog,white-2
505,17,watchog,black
506,23,lillipup,x
506,27,lillipup,sun
506,50,lillipup,the-isle-of-armor-shield
506,29,lillipup,ultra-sun
506,35,lillipup,the-isle-of-armor-sword
506,18,lillipup,white
506,28,lillipup,moon
506,30,lillipup,ultra-moon
506,24,lillipup,y
506,21,lillipup,black-2
506,22,lillipup,white-2
506,17,lillipup,black
507,50,herdier,the-isle-of-armor-shield
507,35,herdier,the-isle-of-armor-sword
507,18,herdier,white
507,21,herdier,black-2
507,22,herdier,white-2
507,17,herdier,black
508,50,stoutland,the-isle-of-armor-shield
508,18,stoutland,white
508,35,stoutland,the-isle-of-armor-sword
508,21,stoutland,black-2
508,51,stoutland,the-crown-tundra-shield
508,36,stoutland,the-crown-tundra-sword
508,22,stoutland,white-2
508,17,stoutland,black
509,33,purrloin,sword
509,34,purrloin,shield
509,18,purrloin,white
509,21,purrloin,black-2
509,22,purrloin,white-2
509,17,purrloin,black
510,33,liepard,sword
510,34,liepard,shield
510,23,liepard,x
510,50,liepard,the-isle-of-armor-shield
510,18,liepard,white
510,35,liepard,the-isle-of-armor-sword
510,36,liepard,the-crown-tundra-sword
510,51,liepard,the-crown-tundra-shield
510,24,liepard,y
510,21,liepard,black-2
510,22,liepard,white-2
510,17,liepard,black
511,23,pansage,x
511,18,pansage,white
511,24,pansage,y
511,21,pansage,black-2
511,22,pansage,white-2
511,17,pansage,black
513,23,pansear,x
513,18,pansear,white
513,24,pansear,y
513,21,pansear,black-2
513,22,pansear,white-2
513,17,pansear,black
515,23,panpour,x
515,18,panpour,white
515,24,panpour,y
515,21,panpour,black-2
515,22,panpour,white-2
515,17,panpour,black
517,33,munna,sword
517,34,munna,shield
517,23,munna,x
517,25,munna,omega-ruby
517,18,munna,white
517,26,munna,alpha-sapphire
517,24,munna,y
517,21,munna,black-2
517,22,munna,white-2
517,17,munna,black
518,33,musharna,sword
518,34,musharna,shield
518,50,musharna,the-isle-of-armor-shield
518,18,musharna,white
518,35,musharna,the-isle-of-armor-sword
518,36,musharna,the-crown-tundra-sword
518,51,musharna,the-crown-tundra-shield
518,21,musharna,black-2
518,22,musharna,white-2
518,17,musharna,black
519,33,pidove,sword
519,34,pidove,shield
519,50,pidove,the-isle-of-armor-shield
519,18,pidove,white
519,35,pidove,the-isle-of-armor-sword
519,21,pidove,black-2
519,22,pidove,white-2
519,17,pidove,black
520,33,tranquill,sword
520,34,tranquill,shield
520,23,tranquill,x
520,50,tranquill,the-isle-of-armor-shield
520,18,tranquill,white
520,35,tranquill,the-isle-of-armor-sword
520,24,tranquill,y
520,21,tranquill,black-2
520,22,tranquill,white-2
520,17,tranquill,black
521,33,unfezant,sword
521,34,unfezant,shield
521,50,unfezant,the-isle-of-armor-shield
521,18,unfezant,white
521,35,unfezant,the-isle-of-armor-sword
521,36,unfezant,the-crown-tundra-sword
521,51,unfezant,the-crown-tundra-shield
521,21,unfezant,black-2
521,22,unfezant,white-2
521,17,unfezant,black
522,18,blitzle,white
522,17,blitzle,black
523,23,zebstrika,x
523,25,zebstrika,omega-ruby
523,18,zebstrika,white
523,26,zebstrika,alpha-sapphire
523,24,zebstrika,y
523,21,zebstrika,black-2
523,22,zebstrika,white-2
523,17,zebstrika,black
524,23,roggenrola,x
524,33,roggenrola,sword
524,34,roggenrola,shield
524,27,roggenrola,sun
524,50,roggenrola,the-isle-of-armor-shield
524,29,roggenrola,ultra-sun
524,18,roggenrola,white
524,35,roggenrola,the-isle-of-armor-sword
524,28,roggenrola,moon
524,30,roggenrola,ultra-moon
524,24,roggenrola,y
524,21,roggenrola,black-2
524,22,roggenrola,white-2
524,17,roggenrola,black
525,33,boldore,sword
525,34,boldore,shield
525,23,boldore,x
525,25,boldore,omega-ruby
525,27,boldore,sun
525,29,boldore,ultra-sun
525,50,boldore,the-isle-of-armor-shield
525,18,boldore,white
525,28,boldore,moon
525,35,boldore,the-isle-of-armor-sword
525,36,boldore,the-crown-tundra-sword
525,26,boldore,alpha-sapphire
525,30,boldore,ultra-moon
525,51,boldore,the-crown-tundra-shield
525,24,boldore,y
525,21,boldore,black-2
525,22,boldore,white-2
525,17,boldore,black
526,33,gigalith,sword
526,34,gigalith,shield
526,50,gigalith,the-isle-of-armor-shield
526,35,gigalith,the-isle-of-armor-sword
526,21,gigalith,black-2
526,22,gigalith,white-2
527,23,woobat,x
527,33,woobat,sword
527,34,woobat,shield
527,50,woobat,the-isle-of-armor-shield
527,18,woobat,white
527,35,woobat,the-isle-of-armor-sword
527,36,woobat,the-crown-tundra-sword
527,51,woobat,the-crown-tundra-shield
527,24,woobat,y
527,21,woobat,black-2
527,22,woobat,white-2
527,17,woobat,black
528,33,swoobat,sword
528,34,swoobat,shield
528,50,swoobat,the-isle-of-armor-shield
528,35,swoobat,the-isle-of-armor-sword
528,36,swoobat,the-crown-tundra-sword
528,51,swoobat,the-crown-tundra-shield
529,33,drilbur,sword
529,34,drilbur,shield
529,18,drilbur,white
529,21,drilbur,black-2
529,22,drilbur,white-2
529,17,drilbur,black
530,33,excadrill,sword
530,34,excadrill,shield
530,23,excadrill,x
530,25,excadrill,omega-ruby
530,18,excadrill,white
530,26,excadrill,alpha-sapphire
530,24,excadrill,y
530,21,excadrill,black-2
530,22,excadrill,white-2
530,17,excadrill,black
531,23,audino,x
531,25,audino,omega-ruby
531,29,audino,ultra-sun
531,18,audino,white
531,36,audino,the-crown-tundra-sword
531,26,audino,alpha-sapphire
531,30,audino,ultra-moon
531,51,audino,the-crown-tundra-shield
531,24,audino,y
531,21,audino,black-2
531,22,audino,white-2
531,17,audino,black
532,33,timburr,sword
532,34,timburr,shield
532,18,timburr,white
532,36,timburr,the-crown-tundra-sword
532,51,timburr,the-crown-tundra-shield
532,21,timburr,black-2
532,22,timburr,white-2
532,17,timburr,black
533,23,gurdurr,x
533,33,gurdurr,sword
533,34,gurdurr,shield
533,18,gurdurr,white
533,36,gurdurr,the-crown-tundra-sword
533,51,gurdurr,the-crown-tundra-shield
533,24,gurdurr,y
533,21,gurdurr,black-2
533,22,gurdurr,white-2
533,17,gurdurr,black
534,34,conkeldurr,shield
534,33,conkeldurr,sword
534,27,conkeldurr,sun
534,28,conkeldurr,moon
534,36,conkeldurr,the-crown-tundra-sword
534,51,conkeldurr,the-crown-tundra-shield
535,34,tympole,shield
535,33,tympole,sword
535,50,tympole,the-isle-of-armor-shield
535,35,tympole,the-isle-of-armor-sword
535,18,tympole,white
535,17,tympole,black
536,33,palpitoad,sword
536,34,palpitoad,shield
536,23,palpitoad,x
536,50,palpitoad,the-isle-of-armor-shield
536,18,palpitoad,white
536,35,palpitoad,the-isle-of-armor-sword
536,36,palpitoad,the-crown-tundra-sword
536,51,palpitoad,the-crown-tundra-shield
536,24,palpitoad,y
536,21,palpitoad,black-2
536,22,palpitoad,white-2
536,17,palpitoad,black
537,33,seismitoad,sword
537,34,seismitoad,shield
537,50,seismitoad,the-isle-of-armor-shield
537,18,seismitoad,white
537,35,seismitoad,the-isle-of-armor-sword
537,36,seismitoad,the-crown-tundra-sword
537,51,seismitoad,the-crown-tundra-shield
537,21,seismitoad,black-2
537,22,seismitoad,white-2
537,17,seismitoad,black
538,34,throh,shield
538,33,throh,sword
538,23,throh,x
538,50,throh,the-isle-of-armor-shield
538,18,throh,white
538,24,throh,y
538,21,throh,black-2
538,22,throh,white-2
538,17,throh,black
539,23,sawk,x
539,33,sawk,sword
539,34,sawk,shield
539,18,sawk,white
539,35,sawk,the-isle-of-armor-sword
539,24,sawk,y
539,21,sawk,black-2
539,22,sawk,white-2
539,17,sawk,black
540,21,sewaddle,black-2
540,22,sewaddle,white-2
540,18,sewaddle,white
540,17,sewaddle,black
541,23,swadloon,x
541,18,swadloon,white
541,24,swadloon,y
541,21,swadloon,black-2
541,22,swadloon,white-2
541,17,swadloon,black
542,27,leavanny,sun
542,29,leavanny,ultra-sun
542,18,leavanny,white
542,28,leavanny,moon
542,30,leavanny,ultra-moon
542,21,leavanny,black-2
542,22,leavanny,white-2
542,17,leavanny,black
543,23,venipede,x
543,27,venipede,sun
543,50,venipede,the-isle-of-armor-shield
543,18,venipede,white
543,35,venipede,the-isle-of-armor-sword
543,28,venipede,moon
543,24,venipede,y
543,21,venipede,black-2
543,22,venipede,white-2
543,17,venipede,black
544,23,whirlipede,x
544,50,whirlipede,the-isle-of-armor-shield
544,18,whirlipede,white
544,35,whirlipede,the-isle-of-armor-sword
544,24,whirlipede,y
544,21,whirlipede,black-2
544,22,whirlipede,white-2
544,17,whirlipede,black
545,50,scolipede,the-isle-of-armor-shield
545,35,scolipede,the-isle-of-armor-sword
545,21,scolipede,black-2
545,36,scolipede,the-crown-tundra-sword
545,22,scolipede,white-2
545,51,scolipede,the-crown-tundra-shield
546,33,cottonee,sword
546,34,cottonee,shield
546,27,cottonee,sun
546,29,cottonee,ultra-sun
546,21,cottonee,black-2
546,17,cottonee,black
546,36,cottonee,the-crown-tundra-sword
546,22,cottonee,white-2
546,51,cottonee,the-crown-tundra-shield
547,33,whimsicott,sword
547,34,whimsicott,shield
547,21,whimsicott,black-2
547,17,whimsicott,black
547,36,whimsicott,the-crown-tundra-sword
547,51,whimsicott,the-crown-tundra-shield
548,23,petilil,x
548,25,petilil,omega-ruby
548,50,petilil,the-isle-of-armor-shield
548,35,petilil,the-isle-of-armor-sword
548,18,petilil,white
548,28,petilil,moon
548,26,petilil,alpha-sapphire
548,30,petilil,ultra-moon
548,24,petilil,y
548,21,petilil,black-2
548,22,petilil,white-2
549,50,lilligant,the-isle-of-armor-shield
549,35,lilligant,the-isle-of-armor-sword
549,18,lilligant,white
549,36,lilligant,the-crown-tundra-sword
549,22,lilligant,white-2
549,51,lilligant,the-crown-tundra-shield
550,23,basculin-red-striped,x
550,33,basculin-red-striped,sword
550,34,basculin-red-striped,shield
550,29,basculin-red-striped,ultra-sun
550,18,basculin-red-striped,white
550,35,basculin-red-striped,the-isle-of-armor-sword
550,36,basculin-red-striped,the-crown-tundra-sword
550,30,basculin-red-striped,ultra-moon
550,51,basculin-red-striped,the-crown-tundra-shield
550,24,basculin-red-striped,y
550,21,basculin-red-striped,black-2
550,22,basculin-red-striped,white-2
550,17,basculin-red-striped,black
551,23,sandile,x
551,27,sandile,sun
551,50,sandile,the-isle-of-armor-shield
551,18,sandile,white
551,35,sandile,the-isle-of-armor-sword
551,28,sandile,moon
551,24,sandile,y
551,21,sandile,black-2
551,22,sandile,white-2
551,17,sandile,black
552,50,krokorok,the-isle-of-armor-shield
552,29,krokorok,ultra-sun
552,35,krokorok,the-isle-of-armor-sword
552,18,krokorok,white
552,30,krokorok,ultra-moon
552,21,krokorok,black-2
552,22,krokorok,white-2
552,17,krokorok,black
553,36,krookodile,the-crown-tundra-sword
553,50,krookodile,the-isle-of-armor-shield
553,35,krookodile,the-isle-of-armor-sword
553,51,krookodile,the-crown-tundra-shield
554,35,darumaka,the-isle-of-armor-sword
554,18,darumaka,white
554,21,darumaka,black-2
554,22,darumaka,white-2
554,17,darumaka,black
555,26,darmanitan-standard,alpha-sapphire
555,25,darmanitan-standard,omega-ruby
556,33,maractus,sword
556,34,maractus,shield
556,23,maractus,x
556,25,maractus,omega-ruby
556,50,maractus,the-isle-of-armor-shield
556,18,maractus,white
556,35,maractus,the-isle-of-armor-sword
556,36,maractus,the-crown-tundra-sword
556,26,maractus,alpha-sapphire
556,51,maractus,the-crown-tundra-shield
556,24,maractus,y
556,21,maractus,black-2
556,22,maractus,white-2
556,17,maractus,black
557,23,dwebble,x
557,33,dwebble,sword
557,34,dwebble,shield
557,50,dwebble,the-isle-of-armor-shield
557,18,dwebble,white
557,35,dwebble,the-isle-of-armor-sword
557,24,dwebble,y
557,21,dwebble,black-2
557,22,dwebble,white-2
557,17,dwebble,black
558,33,crustle,sword
558,34,crustle,shield
558,25,crustle,omega-ruby
558,50,crustle,the-isle-of-armor-shield
558,29,crustle,ultra-sun
558,18,crustle,white
558,35,crustle,the-isle-of-armor-sword
558,36,crustle,the-crown-tundra-sword
558,26,crustle,alpha-sapphire
558,30,crustle,ultra-moon
558,51,crustle,the-crown-tundra-shield
558,21,crustle,black-2
558,22,crustle,white-2
558,17,crustle,black
559,23,scraggy,x
559,33,scraggy,sword
559,29,scraggy,ultra-sun
559,18,scraggy,white
559,35,scraggy,the-isle-of-armor-sword
559,30,scraggy,ultra-moon
559,24,scraggy,y
559,21,scraggy,black-2
559,22,scraggy,white-2
559,17,scraggy,black
560,33,scrafty,sword
560,21,scrafty,black-2
560,22,scrafty,white-2
560,35,scrafty,the-isle-of-armor-sword
561,23,sigilyph,x
561,33,sigilyph,sword
561,34,sigilyph,shield
561,29,sigilyph,ultra-sun
561,18,sigilyph,white
561,36,sigilyph,the-crown-tundra-sword
561,30,sigilyph,ultra-moon
561,51,sigilyph,the-crown-tundra-shield
561,24,sigilyph,y
561,21,sigilyph,black-2
561,22,sigilyph,white-2
561,17,sigilyph,black
562,33,yamask,sword
562,34,yamask,shield
562,18,yamask,white
562,21,yamask,black-2
562,22,yamask,white-2
562,17,yamask,black
563,25,cofagrigus,omega-ruby
563,18,cofagrigus,white
563,26,cofagrigus,alpha-sapphire
563,17,cofagrigus,black
563,36,cofagrigus,the-crown-tundra-sword
563,51,cofagrigus,the-crown-tundra-shield
564,27,tirtouga,sun
564,29,tirtouga,ultra-sun
564,18,tirtouga,white
564,28,tirtouga,moon
564,21,tirtouga,black-2
564,30,tirtouga,ultra-moon
564,17,tirtouga,black
564,36,tirtouga,the-crown-tundra-sword
564,22,tirtouga,white-2
564,51,tirtouga,the-crown-tundra-shield
565,36,carracosta,the-crown-tundra-sword
565,51,carracosta,the-crown-tundra-shield
566,27,archen,sun
566,29,archen,ultra-sun
566,18,archen,white
566,28,archen,moon
566,21,archen,black-2
566,30,archen,ultra-moon
566,17,archen,black
566,36,archen,the-crown-tundra-sword
566,22,archen,white-2
566,51,archen,the-crown-tundra-shield
568,23,trubbish,x
568,33,trubbish,sword
568,34,trubbish,shield
568,27,trubbish,sun
568,29,trubbish,ultra-sun
568,18,trubbish,white
568,28,trubbish,moon
568,36,trubbish,the-crown-tundra-sword
568,30,trubbish,ultra-moon
568,51,trubbish,the-crown-tundra-shield
568,24,trubbish,y
568,21,trubbish,black-2
568,22,trubbish,white-2
568,17,trubbish,black
569,23,garbodor,x
569,33,garbodor,sword
569,34,garbodor,shield
569,27,garbodor,sun
569,18,garbodor,white
569,28,garbodor,moon
569,36,garbodor,the-crown-tundra-sword
569,51,garbodor,the-crown-tundra-shield
569,24,garbodor,y
569,21,garbodor,black-2
569,22,garbodor,white-2
569,17,garbodor,black
570,50,zorua,the-isle-of-armor-shield
570,29,zorua,ultra-sun
570,35,zorua,the-isle-of-armor-sword
570,18,zorua,white
570,30,zorua,ultra-moon
570,21,zorua,black-2
570,22,zorua,white-2
570,17,zorua,black
571,23,zoroark,x
571,50,zoroark,the-isle-of-armor-shield
571,35,zoroark,the-isle-of-armor-sword
571,18,zoroark,white
571,30,zoroark,ultra-moon
571,24,zoroark,y
571,29,zoroark,ultra-sun
571,17,zoroark,black
572,33,minccino,sword
572,34,minccino,shield
572,23,minccino,x
572,25,minccino,omega-ruby
572,29,minccino,ultra-sun
572,18,minccino,white
572,26,minccino,alpha-sapphire
572,30,minccino,ultra-moon
572,24,minccino,y
572,21,minccino,black-2
572,22,minccino,white-2
572,17,minccino,black
573,33,cinccino,sword
573,34,cinccino,shield
573,50,cinccino,the-isle-of-armor-shield
573,18,cinccino,white
573,35,cinccino,the-isle-of-armor-sword
573,36,cinccino,the-crown-tundra-sword
573,51,cinccino,the-crown-tundra-shield
573,21,cinccino,black-2
573,22,cinccino,white-2
573,17,cinccino,black
574,33,gothita,sword
574,27,gothita,sun
574,28,gothita,moon
574,21,gothita,black-2
574,36,gothita,the-crown-tundra-sword
574,17,gothita,black
575,23,gothorita,x
575,33,gothorita,sword
575,36,gothorita,the-crown-tundra-sword
575,24,gothorita,y
575,21,gothorita,black-2
575,17,gothorita,black
576,36,gothitelle,the-crown-tundra-sword
576,33,gothitelle,sword
576,21,gothitelle,black-2
576,17,gothitelle,black
577,23,solosis,x
577,34,solosis,shield
577,18,solosis,white
577,24,solosis,y
577,22,solosis,white-2
577,51,solosis,the-crown-tundra-shield
578,34,duosion,shield
578,23,duosion,x
578,27,duosion,sun
578,18,duosion,white
578,28,duosion,moon
578,24,duosion,y
578,22,duosion,white-2
578,51,duosion,the-crown-tundra-shield
579,34,reuniclus,shield
579,22,reuniclus,white-2
579,18,reuniclus,white
579,51,reuniclus,the-crown-tundra-shield
580,23,ducklett,x
580,18,ducklett,white
580,24,ducklett,y
580,21,ducklett,black-2
580,22,ducklett,white-2
580,17,ducklett,black
581,23,swanna,x
581,18,swanna,white
581,21,swanna,black-2
581,30,swanna,ultra-moon
581,24,swanna,y
581,29,swanna,ultra-sun
581,22,swanna,white-2
581,17,swanna,black
582,23,vanillite,x
582,33,vanillite,sword
582,34,vanillite,shield
582,27,vanillite,sun
582,29,vanillite,ultra-sun
582,18,vanillite,white
582,28,vanillite,moon
582,30,vanillite,ultra-moon
582,51,vanillite,the-crown-tundra-shield
582,24,vanillite,y
582,36,vanillite,the-crown-tundra-sword
582,17,vanillite,black
583,33,vanillish,sword
583,34,vanillish,shield
583,27,vanillish,sun
583,29,vanillish,ultra-sun
583,18,vanillish,white
583,28,vanillish,moon
583,36,vanillish,the-crown-tundra-sword
583,30,vanillish,ultra-moon
583,51,vanillish,the-crown-tundra-shield
583,21,vanillish,black-2
583,22,vanillish,white-2
583,17,vanillish,black
584,34,vanilluxe,shield
584,33,vanilluxe,sword
584,29,vanilluxe,ultra-sun
584,21,vanilluxe,black-2
584,30,vanilluxe,ultra-moon
584,36,vanilluxe,the-crown-tundra-sword
584,22,vanilluxe,white-2
584,51,vanilluxe,the-crown-tundra-shield
585,21,deerling,black-2
585,22,deerling,white-2
585,18,deerling,white
585,17,deerling,black
586,23,sawsbuck,x
586,18,sawsbuck,white
586,24,sawsbuck,y
586,21,sawsbuck,black-2
586,22,sawsbuck,white-2
586,17,sawsbuck,black
587,23,emolga,x
587,27,emolga,sun
587,50,emolga,the-isle-of-armor-shield
587,29,emolga,ultra-sun
587,18,emolga,white
587,35,emolga,the-isle-of-armor-sword
587,28,emolga,moon
587,36,emolga,the-crown-tundra-sword
587,30,emolga,ultra-moon
587,51,emolga,the-crown-tundra-shield
587,24,emolga,y
587,21,emolga,black-2
587,22,emolga,white-2
587,17,emolga,black
588,23,karrablast,x
588,33,karrablast,sword
588,34,karrablast,shield
588,50,karrablast,the-isle-of-armor-shield
588,18,karrablast,white
588,35,karrablast,the-isle-of-armor-sword
588,36,karrablast,the-crown-tundra-sword
588,51,karrablast,the-crown-tundra-shield
588,24,karrablast,y
588,21,karrablast,black-2
588,22,karrablast,white-2
588,17,karrablast,black
589,33,escavalier,sword
589,50,escavalier,the-isle-of-armor-shield
589,35,escavalier,the-isle-of-armor-sword
589,36,escavalier,the-crown-tundra-sword
589,51,escavalier,the-crown-tundra-shield
590,23,foongus,x
590,50,foongus,the-isle-of-armor-shield
590,18,foongus,white
590,35,foongus,the-isle-of-armor-sword
590,24,foongus,y
590,21,foongus,black-2
590,22,foongus,white-2
590,17,foongus,black
591,23,amoonguss,x
591,50,amoonguss,the-isle-of-armor-shield
591,18,amoonguss,white
591,35,amoonguss,the-isle-of-armor-sword
591,36,amoonguss,the-crown-tundra-sword
591,51,amoonguss,the-crown-tundra-shield
591,24,amoonguss,y
591,21,amoonguss,black-2
591,22,amoonguss,white-2
591,17,amoonguss,black
592,33,frillish-male,sword
592,34,frillish-male,shield
592,50,frillish-male,the-isle-of-armor-shield
592,29,frillish-male,ultra-sun
592,18,frillish-male,white
592,35,frillish-male,the-isle-of-armor-sword
592,30,frillish-male,ultra-moon
592,21,frillish-male,black-2
592,22,frillish-male,white-2
592,17,frillish-male,black
593,33,jellicent-male,sword
593,34,jellicent-male,shield
593,50,jellicent-male,the-isle-of-armor-shield
593,18,jellicent-male,white
593,35,jellicent-male,the-isle-of-armor-sword
593,36,jellicent-male,the-crown-tundra-sword
593,51,jellicent-male,the-crown-tundra-shield
593,21,jellicent-male,black-2
593,22,jellicent-male,white-2
593,17,jellicent-male,black
594,23,alomomola,x
594,27,alomomola,sun
594,29,alomomola,ultra-sun
594,18,alomomola,white
594,28,alomomola,moon
594,30,alomomola,ultra-moon
594,24,alomomola,y
594,21,alomomola,black-2
594,22,alomomola,white-2
594,17,alomomola,black
595,33,joltik,sword
595,34,joltik,shield
595,50,joltik,the-isle-of-armor-shield
595,18,joltik,white
595,35,joltik,the-isle-of-armor-sword
595,36,joltik,the-crown-tundra-sword
595,51,joltik,the-crown-tundra-shield
595,21,joltik,black-2
595,22,joltik,white-2
595,17,joltik,black
596,34,galvantula,shield
596,33,galvantula,sword
596,23,galvantula,x
596,50,galvantula,the-isle-of-armor-shield
596,35,galvantula,the-isle-of-armor-sword
596,24,galvantula,y
596,36,galvantula,the-crown-tundra-sword
596,51,galvantula,the-crown-tundra-shield
597,23,ferroseed,x
597,33,ferroseed,sword
597,34,ferroseed,shield
597,18,ferroseed,white
597,36,ferroseed,the-crown-tundra-sword
597,51,ferroseed,the-crown-tundra-shield
597,24,ferroseed,y
597,21,ferroseed,black-2
597,22,ferroseed,white-2
597,17,ferroseed,black
598,34,ferrothorn,shield
598,33,ferrothorn,sword
598,36,ferrothorn,the-crown-tundra-sword
598,51,ferrothorn,the-crown-tundra-shield
599,33,klink,sword
599,34,klink,shield
599,25,klink,omega-ruby
599,27,klink,sun
599,18,klink,white
599,28,klink,moon
599,26,klink,alpha-sapphire
599,21,klink,black-2
599,22,klink,white-2
599,17,klink,black
600,34,klang,shield
600,33,klang,sword
600,23,klang,x
600,21,klang,black-2
600,24,klang,y
600,36,klang,the-crown-tundra-sword
600,22,klang,white-2
600,51,klang,the-crown-tundra-shield
601,34,klinklang,shield
601,33,klinklang,sword
601,50,klinklang,the-isle-of-armor-shield
601,35,klinklang,the-isle-of-armor-sword
601,21,klinklang,black-2
601,36,klinklang,the-crown-tundra-sword
601,22,klinklang,white-2
601,51,klinklang,the-crown-tundra-shield
602,25,tynamo,omega-ruby
602,18,tynamo,white
602,26,tynamo,alpha-sapphire
602,21,tynamo,black-2
602,22,tynamo,white-2
602,17,tynamo,black
603,21,eelektrik,black-2
603,22,eelektrik,white-2
604,27,eelektross,sun
604,29,eelektross,ultra-sun
604,30,eelektross,ultra-moon
604,28,eelektross,moon
605,33,elgyem,sword
605,34,elgyem,shield
605,29,elgyem,ultra-sun
605,50,elgyem,the-isle-of-armor-shield
605,18,elgyem,white
605,35,elgyem,the-isle-of-armor-sword
605,30,elgyem,ultra-moon
605,21,elgyem,black-2
605,22,elgyem,white-2
605,17,elgyem,black
606,34,beheeyem,shield
606,33,beheeyem,sword
606,50,beheeyem,the-isle-of-armor-shield
606,18,beheeyem,white
606,35,beheeyem,the-isle-of-armor-sword
606,51,beheeyem,the-crown-tundra-shield
606,36,beheeyem,the-crown-tundra-sword
606,17,beheeyem,black
607,23,litwick,x
607,33,litwick,sword
607,34,litwick,shield
607,27,litwick,sun
607,29,litwick,ultra-sun
607,50,litwick,the-isle-of-armor-shield
607,18,litwick,white
607,28,litwick,moon
607,35,litwick,the-isle-of-armor-sword
607,30,litwick,ultra-moon
607,24,litwick,y
607,21,litwick,black-2
607,22,litwick,white-2
607,17,litwick,black
608,34,lampent,shield
608,33,lampent,sword
608,23,lampent,x
608,24,lampent,y
608,36,lampent,the-crown-tundra-sword
608,51,lampent,the-crown-tundra-shield
609,34,chandelure,shield
609,33,chandelure,sword
609,50,chandelure,the-isle-of-armor-shield
609,35,chandelure,the-isle-of-armor-sword
609,36,chandelure,the-crown-tundra-sword
609,51,chandelure,the-crown-tundra-shield
610,23,axew,x
610,33,axew,sword
610,34,axew,shield
610,27,axew,sun
610,29,axew,ultra-sun
610,18,axew,white
610,28,axew,moon
610,30,axew,ultra-moon
610,24,axew,y
610,21,axew,black-2
610,22,axew,white-2
610,17,axew,black
611,23,fraxure,x
611,33,fraxure,sword
611,34,fraxure,shield
611,18,fraxure,white
611,21,fraxure,black-2
611,51,fraxure,the-crown-tundra-shield
611,24,fraxure,y
611,36,fraxure,the-crown-tundra-sword
611,22,fraxure,white-2
611,17,fraxure,black
612,34,haxorus,shield
612,33,haxorus,sword
612,21,haxorus,black-2
612,22,haxorus,white-2
613,23,cubchoo,x
613,33,cubchoo,sword
613,34,cubchoo,shield
613,18,cubchoo,white
613,36,cubchoo,the-crown-tundra-sword
613,24,cubchoo,y
613,21,cubchoo,black-2
613,22,cubchoo,white-2
613,17,cubchoo,black
614,23,beartic,x
614,33,beartic,sword
614,34,beartic,shield
614,50,beartic,the-isle-of-armor-shield
614,18,beartic,white
614,35,beartic,the-isle-of-armor-sword
614,36,beartic,the-crown-tundra-sword
614,51,beartic,the-crown-tundra-shield
614,24,beartic,y
614,21,beartic,black-2
614,22,beartic,white-2
614,17,beartic,black
615,23,cryogonal,x
615,18,cryogonal,white
615,36,cryogonal,the-crown-tundra-sword
615,51,cryogonal,the-crown-tundra-shield
615,24,cryogonal,y
615,21,cryogonal,black-2
615,22,cryogonal,white-2
615,17,cryogonal,black
616,23,shelmet,x
616,33,shelmet,sword
616,34,shelmet,shield
616,50,shelmet,the-isle-of-armor-shield
616,18,shelmet,white
616,35,shelmet,the-isle-of-armor-sword
616,36,shelmet,the-crown-tundra-sword
616,51,shelmet,the-crown-tundra-shield
616,24,shelmet,y
616,21,shelmet,black-2
616,22,shelmet,white-2
616,17,shelmet,black
617,34,accelgor,shield
617,50,accelgor,the-isle-of-armor-shield
617,35,accelgor,the-isle-of-armor-sword
617,36,accelgor,the-crown-tundra-sword
617,51,accelgor,the-crown-tundra-shield
618,23,stunfisk,x
618,29,stunfisk,ultra-sun
618,50,stunfisk,the-isle-of-armor-shield
618,18,stunfisk,white
618,35,stunfisk,the-isle-of-armor-sword
618,36,stunfisk,the-crown-tundra-sword
618,30,stunfisk,ultra-moon
618,51,stunfisk,the-crown-tundra-shield
618,24,stunfisk,y
618,21,stunfisk,black-2
618,22,stunfisk,white-2
618,17,stunfisk,black
619,23,mienfoo,x
619,50,mienfoo,the-isle-of-armor-shield
619,29,mienfoo,ultra-sun
619,18,mienfoo,white
619,35,mienfoo,the-isle-of-armor-sword
619,30,mienfoo,ultra-moon
619,24,mienfoo,y
619,21,mienfoo,black-2
619,22,mienfoo,white-2
619,17,mienfoo,black
620,50,mienshao,the-isle-of-armor-shield
620,35,mienshao,the-isle-of-armor-sword
620,18,mienshao,white
620,36,mienshao,the-crown-tundra-sword
620,51,mienshao,the-crown-tundra-shield
620,21,mienshao,black-2
620,22,mienshao,white-2
620,17,mienshao,black
621,23,druddigon,x
621,50,druddigon,the-isle-of-armor-shield
621,29,druddigon,ultra-sun
621,18,druddigon,white
621,35,druddigon,the-isle-of-armor-sword
621,36,druddigon,the-crown-tundra-sword
621,30,druddigon,ultra-moon
621,51,druddigon,the-crown-tundra-shield
621,24,druddigon,y
621,21,druddigon,black-2
621,22,druddigon,white-2
621,17,druddigon,black
622,23,golett,x
622,33,golett,sword
622,34,golett,shield
622,18,golett,white
622,36,golett,the-crown-tundra-sword
622,51,golett,the-crown-tundra-shield
622,24,golett,y
622,29,golett,ultra-sun
622,17,golett,black
623,34,golurk,shield
623,33,golurk,sword
623,23,golurk,x
623,50,golurk,the-isle-of-armor-shield
623,35,golurk,the-isle-of-armor-sword
623,21,golurk,black-2
623,24,golurk,y
623,36,golurk,the-crown-tundra-sword
623,22,golurk,white-2
623,51,golurk,the-crown-tundra-shield
624,23,pawniard,x
624,33,pawniard,sword
624,34,pawniard,shield
624,50,pawniard,the-isle-of-armor-shield
624,29,pawniard,ultra-sun
624,18,pawniard,white
624,35,pawniard,the-isle-of-armor-sword
624,30,pawniard,ultra-moon
624,24,pawniard,y
624,21,pawniard,black-2
624,22,pawniard,white-2
624,17,pawniard,black
625,33,bisharp,sword
625,34,bisharp,shield
625,50,bisharp,the-isle-of-armor-shield
625,29,bisharp,ultra-sun
625,35,bisharp,the-isle-of-armor-sword
625,18,bisharp,white
625,30,bisharp,ultra-moon
625,51,bisharp,the-crown-tundra-shield
625,36,bisharp,the-crown-tundra-sword
625,17,bisharp,black
626,50,bouffalant,the-isle-of-armor-shield
626,18,bouffalant,white
626,35,bouffalant,the-isle-of-armor-sword
626,21,bouffalant,black-2
626,51,bouffalant,the-crown-tundra-shield
626,36,bouffalant,the-crown-tundra-sword
626,22,bouffalant,white-2
626,17,bouffalant,black
627,33,rufflet,sword
627,23,rufflet,x
627,25,rufflet,omega-ruby
627,27,rufflet,sun
627,35,rufflet,the-isle-of-armor-sword
627,18,rufflet,white
627,26,rufflet,alpha-sapphire
627,24,rufflet,y
627,29,rufflet,ultra-sun
627,22,rufflet,white-2
628,33,braviary,sword
628,27,braviary,sun
628,35,braviary,the-isle-of-armor-sword
628,18,braviary,white
628,29,braviary,ultra-sun
628,22,braviary,white-2
629,34,vullaby,shield
629,23,vullaby,x
629,25,vullaby,omega-ruby
629,50,vullaby,the-isle-of-armor-shield
629,28,vullaby,moon
629,26,vullaby,alpha-sapphire
629,30,vullaby,ultra-moon
629,24,vullaby,y
629,21,vullaby,black-2
629,17,vullaby,black
630,34,mandibuzz,shield
630,50,mandibuzz,the-isle-of-armor-shield
630,28,mandibuzz,moon
630,30,mandibuzz,ultra-moon
630,21,mandibuzz,black-2
630,17,mandibuzz,black
631,23,heatmor,x
631,33,heatmor,sword
631,34,heatmor,shield
631,18,heatmor,white
631,36,heatmor,the-crown-tundra-sword
631,51,heatmor,the-crown-tundra-shield
631,24,heatmor,y
631,21,heatmor,black-2
631,22,heatmor,white-2
631,17,heatmor,black
632,23,durant,x
632,33,durant,sword
632,34,durant,shield
632,18,durant,white
632,36,durant,the-crown-tundra-sword
632,51,durant,the-crown-tundra-shield
632,24,durant,y
632,21,durant,black-2
632,22,durant,white-2
632,17,durant,black
633,33,deino,sword
633,27,deino,sun
633,18,deino,white
633,28,deino,moon
633,36,deino,the-crown-tundra-sword
633,17,deino,black
634,23,zweilous,x
634,33,zweilous,sword
634,24,zweilous,y
634,21,zweilous,black-2
634,22,zweilous,white-2
635,23,hydreigon,x
635,24,hydreigon,y
635,36,hydreigon,the-crown-tundra-sword
635,33,hydreigon,sword
636,23,larvesta,x
636,25,larvesta,omega-ruby
636,50,larvesta,the-isle-of-armor-shield
636,35,larvesta,the-isle-of-armor-sword
636,18,larvesta,white
636,26,larvesta,alpha-sapphire
636,30,larvesta,ultra-moon
636,24,larvesta,y
636,29,larvesta,ultra-sun
636,17,larvesta,black
637,50,volcarona,the-isle-of-armor-shield
637,29,volcarona,ultra-sun
637,35,volcarona,the-isle-of-armor-sword
637,18,volcarona,white
637,30,volcarona,ultra-moon
637,21,volcarona,black-2
637,22,volcarona,white-2
637,17,volcarona,black
638,25,cobalion,omega-ruby
638,29,cobalion,ultra-sun
638,18,cobalion,white
638,26,cobalion,alpha-sapphire
638,21,cobalion,black-2
638,30,cobalion,ultra-moon
638,51,cobalion,the-crown-tundra-shield
638,36,cobalion,the-crown-tundra-sword
638,22,cobalion,white-2
638,17,cobalion,black
639,25,terrakion,omega-ruby
639,29,terrakion,ultra-sun
639,18,terrakion,white
639,26,terrakion,alpha-sapphire
639,21,terrakion,black-2
639,30,terrakion,ultra-moon
639,51,terrakion,the-crown-tundra-shield
639,36,terrakion,the-crown-tundra-sword
639,22,terrakion,white-2
639,17,terrakion,black
640,25,virizion,omega-ruby
640,29,virizion,ultra-sun
640,18,virizion,white
640,26,virizion,alpha-sapphire
640,21,virizion,black-2
640,30,virizion,ultra-moon
640,17,virizion,black
640,36,virizion,the-crown-tundra-sword
640,22,virizion,white-2
640,51,virizion,the-crown-tundra-shield
641,36,tornadus-incarnate,the-crown-tundra-sword
641,25,tornadus-incarnate,omega-ruby
641,29,tornadus-incarnate,ultra-sun
641,17,tornadus-incarnate,black
642,26,thundurus-incarnate,alpha-sapphire
642,18,thundurus-incarnate,white
642,30,thundurus-incarnate,ultra-moon
642,51,thundurus-incarnate,the-crown-tundra-shield
643,25,reshiram,omega-ruby
643,29,reshiram,ultra-sun
643,36,reshiram,the-crown-tundra-sword
643,22,reshiram,white-2
643,17,reshiram,black
644,18,zekrom,white
644,26,zekrom,alpha-sapphire
644,30,zekrom,ultra-moon
644,21,zekrom,black-2
644,51,zekrom,the-crown-tundra-shield
645,25,landorus-incarnate,omega-ruby
645,18,landorus-incarnate,white
645,36,landorus-incarnate,the-crown-tundra-sword
645,26,landorus-incarnate,alpha-sapphire
645,30,landorus-incarnate,ultra-moon
645,17,landorus-incarnate,black
645,29,landorus-incarnate,ultra-sun
645,51,landorus-incarnate,the-crown-tundra-shield
646,25,kyurem,omega-ruby
646,29,kyurem,ultra-sun
646,18,kyurem,white
646,26,kyurem,alpha-sapphire
646,21,kyurem,black-2
646,30,kyurem,ultra-moon
646,51,kyurem,the-crown-tundra-shield
646,36,kyurem,the-crown-tundra-sword
646,22,kyurem,white-2
646,17,kyurem,black
650,23,chespin,x
650,24,chespin,y
651,23,quilladin,x
651,24,quilladin,y
652,29,chesnaught,ultra-sun
652,30,chesnaught,ultra-moon
653,23,fennekin,x
653,24,fennekin,y
654,23,braixen,x
654,24,braixen,y
655,29,delphox,ultra-sun
655,30,delphox,ultra-moon
656,23,froakie,x
656,24,froakie,y
657,23,frogadier,x
657,24,frogadier,y
658,29,greninja,ultra-sun
658,30,greninja,ultra-moon
659,34,bunnelby,shield
659,23,bunnelby,x
659,24,bunnelby,y
659,33,bunnelby,sword
660,34,diggersby,shield
660,23,diggersby,x
660,33,diggersby,sword
660,24,diggersby,y
660,36,diggersby,the-crown-tundra-sword
660,51,diggersby,the-crown-tundra-shield
661,23,fletchling,x
661,27,fletchling,sun
661,50,fletchling,the-isle-of-armor-shield
661,35,fletchling,the-isle-of-armor-sword
661,28,fletchling,moon
661,30,fletchling,ultra-moon
661,24,fletchling,y
661,29,fletchling,ultra-sun
662,23,fletchinder,x
662,27,fletchinder,sun
662,50,fletchinder,the-isle-of-armor-shield
662,35,fletchinder,the-isle-of-armor-sword
662,28,fletchinder,moon
662,30,fletchinder,ultra-moon
662,24,fletchinder,y
662,29,fletchinder,ultra-sun
663,27,talonflame,sun
663,50,talonflame,the-isle-of-armor-shield
663,35,talonflame,the-isle-of-armor-sword
663,28,talonflame,moon
663,36,talonflame,the-crown-tundra-sword
663,51,talonflame,the-crown-tundra-shield
664,23,scatterbug,x
664,24,scatterbug,y
664,29,scatterbug,ultra-sun
664,30,scatterbug,ultra-moon
665,23,spewpa,x
665,24,spewpa,y
666,23,vivillon,x
666,24,vivillon,y
667,23,litleo,x
667,24,litleo,y
667,29,litleo,ultra-sun
667,30,litleo,ultra-moon
668,23,pyroar-male,x
668,24,pyroar-male,y
668,29,pyroar-male,ultra-sun
668,30,pyroar-male,ultra-moon
669,23,flabebe,x
669,24,flabebe,y
669,29,flabebe,ultra-sun
669,30,flabebe,ultra-moon
670,23,floette,x
670,24,floette,y
670,29,floette,ultra-sun
670,30,floette,ultra-moon
672,23,skiddo,x
672,24,skiddo,y
673,23,gogoat,x
673,24,gogoat,y
674,34,pancham,shield
674,23,pancham,x
674,33,pancham,sword
674,27,pancham,sun
674,28,pancham,moon
674,30,pancham,ultra-moon
674,24,pancham,y
674,29,pancham,ultra-sun
675,34,pangoro,shield
675,33,pangoro,sword
675,27,pangoro,sun
675,29,pangoro,ultra-sun
675,28,pangoro,moon
675,30,pangoro,ultra-moon
675,36,pangoro,the-crown-tundra-sword
675,51,pangoro,the-crown-tundra-shield
676,23,furfrou,x
676,24,furfrou,y
676,29,furfrou,ultra-sun
676,30,furfrou,ultra-moon
677,34,espurr,shield
677,23,espurr,x
677,24,espurr,y
677,33,espurr,sword
678,33,meowstic-male,sword
678,35,meowstic-male,the-isle-of-armor-sword
679,34,honedge,shield
679,23,honedge,x
679,33,honedge,sword
679,27,honedge,sun
679,28,honedge,moon
679,30,honedge,ultra-moon
679,24,honedge,y
679,29,honedge,ultra-sun
680,34,doublade,shield
680,33,doublade,sword
680,36,doublade,the-crown-tundra-sword
680,51,doublade,the-crown-tundra-shield
681,34,aegislash-shield,shield
681,33,aegislash-shield,sword
682,34,spritzee,shield
682,24,spritzee,y
682,23,spritzee,x
683,34,aromatisse,shield
684,23,swirlix,x
684,24,swirlix,y
684,33,swirlix,sword
685,33,slurpuff,sword
686,34,inkay,shield
686,23,inkay,x
686,33,inkay,sword
686,50,inkay,the-isle-of-armor-shield
686,35,inkay,the-isle-of-armor-sword
686,30,inkay,ultra-moon
686,24,inkay,y
686,29,inkay,ultra-sun
687,33,malamar,sword
687,34,malamar,shield
687,50,malamar,the-isle-of-armor-shield
687,35,malamar,the-isle-of-armor-sword
687,36,malamar,the-crown-tundra-sword
687,51,malamar,the-crown-tundra-shield
688,34,binacle,shield
688,23,binacle,x
688,33,binacle,sword
688,25,binacle,omega-ruby
688,50,binacle,the-isle-of-armor-shield
688,35,binacle,the-isle-of-armor-sword
688,26,binacle,alpha-sapphire
688,24,binacle,y
689,34,barbaracle,shield
689,33,barbaracle,sword
689,23,barbaracle,x
689,29,barbaracle,ultra-sun
689,50,barbaracle,the-isle-of-armor-shield
689,35,barbaracle,the-isle-of-armor-sword
689,30,barbaracle,ultra-moon
689,24,barbaracle,y
689,36,barbaracle,the-crown-tundra-sword
689,51,barbaracle,the-crown-tundra-shield
690,24,skrelp,y
690,50,skrelp,the-isle-of-armor-shield
691,24,dragalge,y
691,50,dragalge,the-isle-of-armor-shield
691,30,dragalge,ultra-moon
692,23,clauncher,x
692,35,clauncher,the-isle-of-armor-sword
693,23,clawitzer,x
693,29,clawitzer,ultra-sun
693,35,clawitzer,the-isle-of-armor-sword
694,34,helioptile,shield
694,23,helioptile,x
694,24,helioptile,y
694,33,helioptile,sword
695,33,heliolisk,sword
695,34,heliolisk,shield
695,29,heliolisk,ultra-sun
695,30,heliolisk,ultra-moon
695,36,heliolisk,the-crown-tundra-sword
695,51,heliolisk,the-crown-tundra-shield
696,23,tyrunt,x
696,29,tyrunt,ultra-sun
696,30,tyrunt,ultra-moon
696,24,tyrunt,y
696,36,tyrunt,the-crown-tundra-sword
696,51,tyrunt,the-crown-tundra-shield
697,36,tyrantrum,the-crown-tundra-sword
697,51,tyrantrum,the-crown-tundra-shield
698,23,amaura,x
698,29,amaura,ultra-sun
698,30,amaura,ultra-moon
698,24,amaura,y
698,36,amaura,the-crown-tundra-sword
698,51,amaura,the-crown-tundra-shield
699,36,aurorus,the-crown-tundra-sword
699,51,aurorus,the-crown-tundra-shield
700,34,sylveon,shield
700,33,sylveon,sword
700,36,sylveon,the-crown-tundra-sword
700,51,sylveon,the-crown-tundra-shield
701,34,hawlucha,shield
701,23,hawlucha,x
701,33,hawlucha,sword
701,29,hawlucha,ultra-sun
701,30,hawlucha,ultra-moon
701,24,hawlucha,y
701,36,hawlucha,the-crown-tundra-sword
701,51,hawlucha,the-crown-tundra-shield
702,23,dedenne,x
702,50,dedenne,the-isle-of-armor-shield
702,29,dedenne,ultra-sun
702,35,dedenne,the-isle-of-armor-sword
702,30,dedenne,ultra-moon
702,24,dedenne,y
702,36,dedenne,the-crown-tundra-sword
702,51,dedenne,the-crown-tundra-shield
703,23,carbink,x
703,27,carbink,sun
703,29,carbink,ultra-sun
703,28,carbink,moon
703,30,carbink,ultra-moon
703,24,carbink,y
703,36,carbink,the-crown-tundra-sword
703,51,carbink,the-crown-tundra-shield
704,34,goomy,shield
704,23,goomy,x
704,27,goomy,sun
704,50,goomy,the-isle-of-armor-shield
704,28,goomy,moon
704,30,goomy,ultra-moon
704,24,goomy,y
704,29,goomy,ultra-sun
705,34,sliggoo,shield
705,23,sliggoo,x
705,27,sliggoo,sun
705,50,sliggoo,the-isle-of-armor-shield
705,28,sliggoo,moon
705,30,sliggoo,ultra-moon
705,24,sliggoo,y
705,29,sliggoo,ultra-sun
706,34,goodra,shield
706,50,goodra,the-isle-of-armor-shield
707,23,klefki,x
707,27,klefki,sun
707,50,klefki,the-isle-of-armor-shield
707,29,klefki,ultra-sun
707,35,klefki,the-isle-of-armor-sword
707,28,klefki,moon
707,30,klefki,ultra-moon
707,24,klefki,y
707,36,klefki,the-crown-tundra-sword
707,51,klefki,the-crown-tundra-shield
708,23,phantump,x
708,33,phantump,sword
708,34,phantump,shield
708,27,phantump,sun
708,29,phantump,ultra-sun
708,28,phantump,moon
708,30,phantump,ultra-moon
708,24,phantump,y
708,36,phantump,the-crown-tundra-sword
708,51,phantump,the-crown-tundra-shield
709,23,trevenant,x
709,33,trevenant,sword
709,34,trevenant,shield
709,27,trevenant,sun
709,28,trevenant,moon
709,24,trevenant,y
709,36,trevenant,the-crown-tundra-sword
709,51,trevenant,the-crown-tundra-shield
710,34,pumpkaboo-average,shield
710,23,pumpkaboo-average,x
710,24,pumpkaboo-average,y
710,33,pumpkaboo-average,sword
711,34,gourgeist-average,shield
711,33,gourgeist-average,sword
711,50,gourgeist-average,the-isle-of-armor-shield
711,35,gourgeist-average,the-isle-of-armor-sword
711,36,gourgeist-average,the-crown-tundra-sword
711,51,gourgeist-average,the-crown-tundra-shield
712,34,bergmite,shield
712,23,bergmite,x
712,33,bergmite,sword
712,24,bergmite,y
712,36,bergmite,the-crown-tundra-sword
712,51,bergmite,the-crown-tundra-shield
713,34,avalugg,shield
713,33,avalugg,sword
713,50,avalugg,the-isle-of-armor-shield
713,35,avalugg,the-isle-of-armor-sword
713,36,avalugg,the-crown-tundra-sword
713,51,avalugg,the-crown-tundra-shield
714,34,noibat,shield
714,23,noibat,x
714,33,noibat,sword
714,36,noibat,the-crown-tundra-sword
714,30,noibat,ultra-moon
714,24,noibat,y
714,29,noibat,ultra-sun
714,51,noibat,the-crown-tundra-shield
715,34,noivern,shield
715,33,noivern,sword
715,29,noivern,ultra-sun
715,50,noivern,the-isle-of-armor-shield
715,35,noivern,the-isle-of-armor-sword
715,30,noivern,ultra-moon
715,36,noivern,the-crown-tundra-sword
715,51,noivern,the-crown-tundra-shield
716,23,xerneas,x
716,36,xerneas,the-crown-tundra-sword
716,29,xerneas,ultra-sun
717,24,yveltal,y
717,30,yveltal,ultra-moon
717,51,yveltal,the-crown-tundra-shield
718,23,zygarde-50,x
718,27,zygarde-50,sun
718,28,zygarde-50,moon
718,30,zygarde-50,ultra-moon
718,24,zygarde-50,y
718,29,zygarde-50,ultra-sun
722,27,rowlet,sun
722,50,rowlet,the-isle-of-armor-shield
722,35,rowlet,the-isle-of-armor-sword
722,28,rowlet,moon
722,30,rowlet,ultra-moon
722,29,rowlet,ultra-sun
725,27,litten,sun
725,50,litten,the-isle-of-armor-shield
725,35,litten,the-isle-of-armor-sword
725,28,litten,moon
725,30,litten,ultra-moon
725,29,litten,ultra-sun
728,27,popplio,sun
728,50,popplio,the-isle-of-armor-shield
728,35,popplio,the-isle-of-armor-sword
728,28,popplio,moon
728,30,popplio,ultra-moon
728,29,popplio,ultra-sun
731,27,pikipek,sun
731,29,pikipek,ultra-sun
731,30,pikipek,ultra-moon
731,28,pikipek,moon
732,27,trumbeak,sun
732,29,trumbeak,ultra-sun
732,30,trumbeak,ultra-moon
732,28,trumbeak,moon
733,29,toucannon,ultra-sun
733,30,toucannon,ultra-moon
734,27,yungoos,sun
734,29,yungoos,ultra-sun
734,30,yungoos,ultra-moon
734,28,yungoos,moon
735,27,gumshoos,sun
735,29,gumshoos,ultra-sun
735,30,gumshoos,ultra-moon
735,28,gumshoos,moon
736,34,grubbin,shield
736,33,grubbin,sword
736,27,grubbin,sun
736,28,grubbin,moon
736,30,grubbin,ultra-moon
736,29,grubbin,ultra-sun
737,34,charjabug,shield
737,33,charjabug,sword
737,27,charjabug,sun
737,29,charjabug,ultra-sun
737,28,charjabug,moon
737,30,charjabug,ultra-moon
737,36,charjabug,the-crown-tundra-sword
737,51,charjabug,the-crown-tundra-shield
738,34,vikavolt,shield
738,33,vikavolt,sword
738,29,vikavolt,ultra-sun
738,30,vikavolt,ultra-moon
738,36,vikavolt,the-crown-tundra-sword
738,51,vikavolt,the-crown-tundra-shield
739,27,crabrawler,sun
739,29,crabrawler,ultra-sun
739,30,crabrawler,ultra-moon
739,28,crabrawler,moon
741,27,oricorio-baile,sun
741,29,oricorio-baile,ultra-sun
741,30,oricorio-baile,ultra-moon
741,28,oricorio-baile,moon
742,34,cutiefly,shield
742,33,cutiefly,sword
742,27,cutiefly,sun
742,50,cutiefly,the-isle-of-armor-shield
742,35,cutiefly,the-isle-of-armor-sword
742,28,cutiefly,moon
742,30,cutiefly,ultra-moon
742,29,cutiefly,ultra-sun
743,34,ribombee,shield
743,33,ribombee,sword
743,27,ribombee,sun
743,29,ribombee,ultra-sun
743,50,ribombee,the-isle-of-armor-shield
743,35,ribombee,the-isle-of-armor-sword
743,28,ribombee,moon
743,30,ribombee,ultra-moon
743,36,ribombee,the-crown-tundra-sword
743,51,ribombee,the-crown-tundra-shield
744,27,rockruff,sun
744,50,rockruff,the-isle-of-armor-shield
744,35,rockruff,the-isle-of-armor-sword
744,28,rockruff,moon
744,30,rockruff,ultra-moon
744,29,rockruff,ultra-sun
745,27,lycanroc-midday,sun
745,50,lycanroc-midday,the-isle-of-armor-shield
745,29,lycanroc-midday,ultra-sun
745,35,lycanroc-midday,the-isle-of-armor-sword
745,28,lycanroc-midday,moon
745,30,lycanroc-midday,ultra-moon
745,36,lycanroc-midday,the-crown-tundra-sword
745,51,lycanroc-midday,the-crown-tundra-shield
746,34,wishiwashi-solo,shield
746,33,wishiwashi-solo,sword
746,27,wishiwashi-solo,sun
746,50,wishiwashi-solo,the-isle-of-armor-shield
746,35,wishiwashi-solo,the-isle-of-armor-sword
746,28,wishiwashi-solo,moon
746,30,wishiwashi-solo,ultra-moon
746,29,wishiwashi-solo,ultra-sun
747,34,mareanie,shield
747,33,mareanie,sword
747,27,mareanie,sun
747,50,mareanie,the-isle-of-armor-shield
747,35,mareanie,the-isle-of-armor-sword
747,28,mareanie,moon
747,30,mareanie,ultra-moon
747,29,mareanie,ultra-sun
748,34,toxapex,shield
748,33,toxapex,sword
748,50,toxapex,the-isle-of-armor-shield
748,35,toxapex,the-isle-of-armor-sword
749,34,mudbray,shield
749,33,mudbray,sword
749,27,mudbray,sun
749,28,mudbray,moon
749,30,mudbray,ultra-moon
749,29,mudbray,ultra-sun
750,34,mudsdale,shield
750,33,mudsdale,sword
750,27,mudsdale,sun
750,29,mudsdale,ultra-sun
750,28,mudsdale,moon
750,30,mudsdale,ultra-moon
750,36,mudsdale,the-crown-tundra-sword
750,51,mudsdale,the-crown-tundra-shield
751,34,dewpider,shield
751,33,dewpider,sword
751,27,dewpider,sun
751,29,dewpider,ultra-sun
751,50,dewpider,the-isle-of-armor-shield
751,35,dewpider,the-isle-of-armor-sword
751,28,dewpider,moon
751,30,dewpider,ultra-moon
751,36,dewpider,the-crown-tundra-sword
751,51,dewpider,the-crown-tundra-shield
752,34,araquanid,shield
752,33,araquanid,sword
752,27,araquanid,sun
752,29,araquanid,ultra-sun
752,50,araquanid,the-isle-of-armor-shield
752,35,araquanid,the-isle-of-armor-sword
752,28,araquanid,moon
752,30,araquanid,ultra-moon
752,36,araquanid,the-crown-tundra-sword
752,51,araquanid,the-crown-tundra-shield
753,27,fomantis,sun
753,50,fomantis,the-isle-of-armor-shield
753,35,fomantis,the-isle-of-armor-sword
753,28,fomantis,moon
753,30,fomantis,ultra-moon
753,29,fomantis,ultra-sun
754,29,lurantis,ultra-sun
754,50,lurantis,the-isle-of-armor-shield
754,35,lurantis,the-isle-of-armor-sword
754,36,lurantis,the-crown-tundra-sword
754,51,lurantis,the-crown-tundra-shield
755,34,morelull,shield
755,33,morelull,sword
755,27,morelull,sun
755,50,morelull,the-isle-of-armor-shield
755,35,morelull,the-isle-of-armor-sword
755,28,morelull,moon
755,30,morelull,ultra-moon
755,29,morelull,ultra-sun
756,34,shiinotic,shield
756,33,shiinotic,sword
756,29,shiinotic,ultra-sun
756,50,shiinotic,the-isle-of-armor-shield
756,35,shiinotic,the-isle-of-armor-sword
756,30,shiinotic,ultra-moon
756,36,shiinotic,the-crown-tundra-sword
756,51,shiinotic,the-crown-tundra-shield
757,34,salandit,shield
757,33,salandit,sword
757,27,salandit,sun
757,50,salandit,the-isle-of-armor-shield
757,35,salandit,the-isle-of-armor-sword
757,28,salandit,moon
757,30,salandit,ultra-moon
757,29,salandit,ultra-sun
758,34,salazzle,shield
758,33,salazzle,sword
758,50,salazzle,the-isle-of-armor-shield
758,29,salazzle,ultra-sun
758,35,salazzle,the-isle-of-armor-sword
758,30,salazzle,ultra-moon
758,36,salazzle,the-crown-tundra-sword
758,51,salazzle,the-crown-tundra-shield
759,34,stufful,shield
759,33,stufful,sword
759,27,stufful,sun
759,50,stufful,the-isle-of-armor-shield
759,35,stufful,the-isle-of-armor-sword
759,28,stufful,moon
759,30,stufful,ultra-moon
759,29,stufful,ultra-sun
760,34,bewear,shield
760,33,bewear,sword
760,27,bewear,sun
760,29,bewear,ultra-sun
760,50,bewear,the-isle-of-armor-shield
760,35,bewear,the-isle-of-armor-sword
760,28,bewear,moon
760,30,bewear,ultra-moon
760,36,bewear,the-crown-tundra-sword
760,51,bewear,the-crown-tundra-shield
761,34,bounsweet,shield
761,27,bounsweet,sun
761,33,bounsweet,sword
761,28,bounsweet,moon
762,34,steenee,shield
762,33,steenee,sword
762,27,steenee,sun
762,50,steenee,the-isle-of-armor-shield
762,35,steenee,the-isle-of-armor-sword
762,28,steenee,moon
762,30,steenee,ultra-moon
762,29,steenee,ultra-sun
763,34,tsareena,shield
763,33,tsareena,sword
763,50,tsareena,the-isle-of-armor-shield
763,35,tsareena,the-isle-of-armor-sword
763,36,tsareena,the-crown-tundra-sword
763,51,tsareena,the-crown-tundra-shield
764,27,comfey,sun
764,50,comfey,the-isle-of-armor-shield
764,29,comfey,ultra-sun
764,35,comfey,the-isle-of-armor-sword
764,28,comfey,moon
764,30,comfey,ultra-moon
764,36,comfey,the-crown-tundra-sword
764,51,comfey,the-crown-tundra-shield
765,34,oranguru,shield
765,50,oranguru,the-isle-of-armor-shield
765,35,oranguru,the-isle-of-armor-sword
765,28,oranguru,moon
765,30,oranguru,ultra-moon
765,36,oranguru,the-crown-tundra-sword
765,51,oranguru,the-crown-tundra-shield
766,33,passimian,sword
766,27,passimian,sun
766,50,passimian,the-isle-of-armor-shield
766,29,passimian,ultra-sun
766,35,passimian,the-isle-of-armor-sword
766,36,passimian,the-crown-tundra-sword
766,51,passimian,the-crown-tundra-shield
767,34,wimpod,shield
767,33,wimpod,sword
767,27,wimpod,sun
767,50,wimpod,the-isle-of-armor-shield
767,35,wimpod,the-isle-of-armor-sword
767,28,wimpod,moon
767,30,wimpod,ultra-moon
767,29,wimpod,ultra-sun
768,34,golisopod,shield
768,33,golisopod,sword
768,50,golisopod,the-isle-of-armor-shield
768,35,golisopod,the-isle-of-armor-sword
769,27,sandygast,sun
769,50,sandygast,the-isle-of-armor-shield
769,35,sandygast,the-isle-of-armor-sword
769,28,sandygast,moon
769,30,sandygast,ultra-moon
769,29,sandygast,ultra-sun
770,36,palossand,the-crown-tundra-sword
770,50,palossand,the-isle-of-armor-shield
770,35,palossand,the-isle-of-armor-sword
770,51,palossand,the-crown-tundra-shield
771,34,pyukumuku,shield
771,33,pyukumuku,sword
771,27,pyukumuku,sun
771,29,pyukumuku,ultra-sun
771,50,pyukumuku,the-isle-of-armor-shield
771,35,pyukumuku,the-isle-of-armor-sword
771,28,pyukumuku,moon
771,30,pyukumuku,ultra-moon
771,36,pyukumuku,the-crown-tundra-sword
771,51,pyukumuku,the-crown-tundra-shield
772,34,type-null,shield
772,33,type-null,sword
772,27,type-null,sun
772,28,type-null,moon
772,30,type-null,ultra-moon
772,29,type-null,ultra-sun
774,27,minior-red-meteor,sun
774,29,minior-red-meteor,ultra-sun
774,30,minior-red-meteor,ultra-moon
774,28,minior-red-meteor,moon
775,27,komala,sun
775,29,komala,ultra-sun
775,30,komala,ultra-moon
775,28,komala,moon
776,33,turtonator,sword
776,27,turtonator,sun
776,29,turtonator,ultra-sun
776,35,turtonator,the-isle-of-armor-sword
776,36,turtonator,the-crown-tundra-sword
777,34,togedemaru,shield
777,33,togedemaru,sword
777,27,togedemaru,sun
777,29,togedemaru,ultra-sun
777,28,togedemaru,moon
777,30,togedemaru,ultra-moon
777,36,togedemaru,the-crown-tundra-sword
777,51,togedemaru,the-crown-tundra-shield
778,34,mimikyu-disguised,shield
778,33,mimikyu-disguised,sword
778,27,mimikyu-disguised,sun
778,29,mimikyu-disguised,ultra-sun
778,28,mimikyu-disguised,moon
778,30,mimikyu-disguised,ultra-moon
778,36,mimikyu-disguised,the-crown-tundra-sword
778,51,mimikyu-disguised,the-crown-tundra-shield
779,27,bruxish,sun
779,29,bruxish,ultra-sun
779,30,bruxish,ultra-moon
779,28,bruxish,moon
780,34,drampa,shield
780,50,drampa,the-isle-of-armor-shield
780,28,drampa,moon
780,30,drampa,ultra-moon
780,51,drampa,the-crown-tundra-shield
781,34,dhelmise,shield
781,33,dhelmise,sword
781,27,dhelmise,sun
781,50,dhelmise,the-isle-of-armor-shield
781,29,dhelmise,ultra-sun
781,35,dhelmise,the-isle-of-armor-sword
781,28,dhelmise,moon
781,30,dhelmise,ultra-moon
781,36,dhelmise,the-crown-tundra-sword
781,51,dhelmise,the-crown-tundra-shield
782,33,jangmo-o,sword
782,27,jangmo-o,sun
782,35,jangmo-o,the-isle-of-armor-sword
782,28,jangmo-o,moon
782,30,jangmo-o,ultra-moon
782,29,jangmo-o,ultra-sun
783,33,hakamo-o,sword
783,27,hakamo-o,sun
783,35,hakamo-o,the-isle-of-armor-sword
783,28,hakamo-o,moon
783,30,hakamo-o,ultra-moon
783,29,hakamo-o,ultra-sun
784,33,kommo-o,sword
784,27,kommo-o,sun
784,35,kommo-o,the-isle-of-armor-sword
784,28,kommo-o,moon
784,30,kommo-o,ultra-moon
784,29,kommo-o,ultra-sun
785,27,tapu-koko,sun
785,29,tapu-koko,ultra-sun
785,28,tapu-koko,moon
785,30,tapu-koko,ultra-moon
785,36,tapu-koko,the-crown-tundra-sword
785,51,tapu-koko,the-crown-tundra-shield
786,27,tapu-lele,sun
786,29,tapu-lele,ultra-sun
786,28,tapu-lele,moon
786,30,tapu-lele,ultra-moon
786,36,tapu-lele,the-crown-tundra-sword
786,51,tapu-lele,the-crown-tundra-shield
787,27,tapu-bulu,sun
787,29,tapu-bulu,ultra-sun
787,28,tapu-bulu,moon
787,30,tapu-bulu,ultra-moon
787,36,tapu-bulu,the-crown-tundra-sword
787,51,tapu-bulu,the-crown-tundra-shield
788,27,tapu-fini,sun
788,29,tapu-fini,ultra-sun
788,28,tapu-fini,moon
788,30,tapu-fini,ultra-moon
788,36,tapu-fini,the-crown-tundra-sword
788,51,tapu-fini,the-crown-tundra-shield
789,27,cosmog,sun
789,29,cosmog,ultra-sun
789,28,cosmog,moon
789,30,cosmog,ultra-moon
789,36,cosmog,the-crown-tundra-sword
789,51,cosmog,the-crown-tundra-shield
791,27,solgaleo,sun
791,36,solgaleo,the-crown-tundra-sword
791,29,solgaleo,ultra-sun
792,28,lunala,moon
792,30,lunala,ultra-moon
792,51,lunala,the-crown-tundra-shield
793,27,nihilego,sun
793,29,nihilego,ultra-sun
793,28,nihilego,moon
793,30,nihilego,ultra-moon
793,36,nihilego,the-crown-tundra-sword
793,51,nihilego,the-crown-tundra-shield
794,27,buzzwole,sun
794,36,buzzwole,the-crown-tundra-sword
794,29,buzzwole,ultra-sun
794,51,buzzwole,the-crown-tundra-shield
795,28,pheromosa,moon
795,36,pheromosa,the-crown-tundra-sword
795,30,pheromosa,ultra-moon
795,51,pheromosa,the-crown-tundra-shield
796,27,xurkitree,sun
796,29,xurkitree,ultra-sun
796,28,xurkitree,moon
796,30,xurkitree,ultra-moon
796,36,xurkitree,the-crown-tundra-sword
796,51,xurkitree,the-crown-tundra-shield
797,28,celesteela,moon
797,36,celesteela,the-crown-tundra-sword
797,30,celesteela,ultra-moon
797,51,celesteela,the-crown-tundra-shield
798,27,kartana,sun
798,36,kartana,the-crown-tundra-sword
798,29,kartana,ultra-sun
798,51,kartana,the-crown-tundra-shield
799,27,guzzlord,sun
799,29,guzzlord,ultra-sun
799,28,guzzlord,moon
799,30,guzzlord,ultra-moon
799,36,guzzlord,the-crown-tundra-sword
799,51,guzzlord,the-crown-tundra-shield
800,27,necrozma,sun
800,29,necrozma,ultra-sun
800,28,necrozma,moon
800,30,necrozma,ultra-moon
800,36,necrozma,the-crown-tundra-sword
800,51,necrozma,the-crown-tundra-shield
801,29,magearna,ultra-sun
801,30,magearna,ultra-moon
803,36,poipole,the-crown-tundra-sword
803,30,poipole,ultra-moon
803,29,poipole,ultra-sun
803,51,poipole,the-crown-tundra-shield
805,36,stakataka,the-crown-tundra-sword
805,30,stakataka,ultra-moon
805,51,stakataka,the-crown-tundra-shield
806,36,blacephalon,the-crown-tundra-sword
806,29,blacephalon,ultra-sun
806,51,blacephalon,the-crown-tundra-shield
810,34,grookey,shield
810,33,grookey,sword
813,34,scorbunny,shield
813,33,scorbunny,sword
816,34,sobble,shield
816,33,sobble,sword
819,34,skwovet,shield
819,33,skwovet,sword
819,50,skwovet,the-isle-of-armor-shield
819,35,skwovet,the-isle-of-armor-sword
819,36,skwovet,the-crown-tundra-sword
819,51,skwovet,the-crown-tundra-shield
820,34,greedent,shield
820,33,greedent,sword
820,50,greedent,the-isle-of-armor-shield
820,35,greedent,the-isle-of-armor-sword
820,36,greedent,the-crown-tundra-sword
820,51,greedent,the-crown-tundra-shield
821,34,rookidee,shield
821,33,rookidee,sword
822,34,corvisquire,shield
822,33,corvisquire,sword
822,36,corvisquire,the-crown-tundra-sword
822,51,corvisquire,the-crown-tundra-shield
823,34,corviknight,shield
823,33,corviknight,sword
823,36,corviknight,the-crown-tundra-sword
823,51,corviknight,the-crown-tundra-shield
824,34,blipbug,shield
824,33,blipbug,sword
824,50,blipbug,the-isle-of-armor-shield
824,35,blipbug,the-isle-of-armor-sword
825,34,dottler,shield
825,33,dottler,sword
825,50,dottler,the-isle-of-armor-shield
825,35,dottler,the-isle-of-armor-sword
826,34,orbeetle,shield
826,33,orbeetle,sword
826,50,orbeetle,the-isle-of-armor-shield
826,35,orbeetle,the-isle-of-armor-sword
826,36,orbeetle,the-crown-tundra-sword
826,51,orbeetle,the-crown-tundra-shield
827,34,nickit,shield
827,33,nickit,sword
828,34,thievul,shield
828,33,thievul,sword
828,50,thievul,the-isle-of-armor-shield
828,35,thievul,the-isle-of-armor-sword
828,36,thievul,the-crown-tundra-sword
828,51,thievul,the-crown-tundra-shield
829,34,gossifleur,shield
829,33,gossifleur,sword
829,36,gossifleur,the-crown-tundra-sword
829,51,gossifleur,the-crown-tundra-shield
830,34,eldegoss,shield
830,33,eldegoss,sword
830,36,eldegoss,the-crown-tundra-sword
830,51,eldegoss,the-crown-tundra-shield
831,34,wooloo,shield
831,33,wooloo,sword
831,36,wooloo,the-crown-tundra-sword
831,51,wooloo,the-crown-tundra-shield
832,34,dubwool,shield
832,33,dubwool,sword
832,50,dubwool,the-isle-of-armor-shield
832,35,dubwool,the-isle-of-armor-sword
832,36,dubwool,the-crown-tundra-sword
832,51,dubwool,the-crown-tundra-shield
833,34,chewtle,shield
833,33,chewtle,sword
833,50,chewtle,the-isle-of-armor-shield
833,35,chewtle,the-isle-of-armor-sword
834,34,drednaw,shield
834,33,drednaw,sword
834,50,drednaw,the-isle-of-armor-shield
834,35,drednaw,the-isle-of-armor-sword
834,36,drednaw,the-crown-tundra-sword
834,51,drednaw,the-crown-tundra-shield
835,34,yamper,shield
835,33,yamper,sword
835,36,yamper,the-crown-tundra-sword
835,51,yamper,the-crown-tundra-shield
836,34,boltund,shield
836,33,boltund,sword
836,50,boltund,the-isle-of-armor-shield
836,35,boltund,the-isle-of-armor-sword
836,36,boltund,the-crown-tundra-sword
836,51,boltund,the-crown-tundra-shield
837,34,rolycoly,shield
837,33,rolycoly,sword
837,51,rolycoly,the-crown-tundra-shield
838,34,carkol,shield
838,33,carkol,sword
838,36,carkol,the-crown-tundra-sword
838,51,carkol,the-crown-tundra-shield
839,34,coalossal,shield
839,33,coalossal,sword
839,36,coalossal,the-crown-tundra-sword
839,51,coalossal,the-crown-tundra-shield
840,34,applin,shield
840,33,applin,sword
840,50,applin,the-isle-of-armor-shield
840,35,applin,the-isle-of-armor-sword
841,33,flapple,sword
841,35,flapple,the-isle-of-armor-sword
842,34,appletun,shield
842,50,appletun,the-isle-of-armor-shield
843,34,silicobra,shield
843,33,silicobra,sword
843,50,silicobra,the-isle-of-armor-shield
843,35,silicobra,the-isle-of-armor-sword
844,34,sandaconda,shield
844,33,sandaconda,sword
844,50,sandaconda,the-isle-of-armor-shield
844,35,sandaconda,the-isle-of-armor-sword
844,36,sandaconda,the-crown-tundra-sword
844,51,sandaconda,the-crown-tundra-shield
845,34,cramorant,shield
845,33,cramorant,sword
845,50,cramorant,the-isle-of-armor-shield
845,35,cramorant,the-isle-of-armor-sword
845,36,cramorant,the-crown-tundra-sword
845,51,cramorant,the-crown-tundra-shield
846,34,arrokuda,shield
846,33,arrokuda,sword
846,50,arrokuda,the-isle-of-armor-shield
846,35,arrokuda,the-isle-of-armor-sword
847,34,barraskewda,shield
847,33,barraskewda,sword
847,50,barraskewda,the-isle-of-armor-shield
847,35,barraskewda,the-isle-of-armor-sword
847,36,barraskewda,the-crown-tundra-sword
847,51,barraskewda,the-crown-tundra-shield
848,34,toxel,shield
848,33,toxel,sword
849,34,toxtricity-amped,shield
849,33,toxtricity-amped,sword
849,36,toxtricity-amped,the-crown-tundra-sword
849,51,toxtricity-amped,the-crown-tundra-shield
850,34,sizzlipede,shield
850,33,sizzlipede,sword
850,36,sizzlipede,the-crown-tundra-sword
850,51,sizzlipede,the-crown-tundra-shield
851,34,centiskorch,shield
851,33,centiskorch,sword
851,36,centiskorch,the-crown-tundra-sword
851,51,centiskorch,the-crown-tundra-shield
852,34,clobbopus,shield
852,33,clobbopus,sword
852,50,clobbopus,the-isle-of-armor-shield
852,35,clobbopus,the-isle-of-armor-sword
853,34,grapploct,shield
853,33,grapploct,sword
853,50,grapploct,the-isle-of-armor-shield
853,35,grapploct,the-isle-of-armor-sword
853,36,grapploct,the-crown-tundra-sword
853,51,grapploct,the-crown-tundra-shield
854,34,sinistea,shield
854,33,sinistea,sword
854,36,sinistea,the-crown-tundra-sword
854,51,sinistea,the-crown-tundra-shield
855,34,polteageist,shield
855,33,polteageist,sword
855,36,polteageist,the-crown-tundra-sword
855,51,polteageist,the-crown-tundra-shield
856,34,hatenna,shield
856,33,hatenna,sword
856,36,hatenna,the-crown-tundra-sword
856,51,hatenna,the-crown-tundra-shield
857,34,hattrem,shield
857,33,hattrem,sword
857,36,hattrem,the-crown-tundra-sword
857,51,hattrem,the-crown-tundra-shield
858,34,hatterene,shield
858,33,hatterene,sword
858,36,hatterene,the-crown-tundra-sword
858,51,hatterene,the-crown-tundra-shield
859,34,impidimp,shield
859,33,impidimp,sword
859,36,impidimp,the-crown-tundra-sword
859,51,impidimp,the-crown-tundra-shield
860,34,morgrem,shield
860,33,morgrem,sword
860,36,morgrem,the-crown-tundra-sword
860,51,morgrem,the-crown-tundra-shield
861,34,grimmsnarl,shield
861,33,grimmsnarl,sword
861,36,grimmsnarl,the-crown-tundra-sword
861,51,grimmsnarl,the-crown-tundra-shield
862,34,obstagoon,shield
862,33,obstagoon,sword
862,36,obstagoon,the-crown-tundra-sword
862,51,obstagoon,the-crown-tundra-shield
863,34,perrserker,shield
863,33,perrserker,sword
863,50,perrserker,the-isle-of-armor-shield
863,35,perrserker,the-isle-of-armor-sword
863,36,perrserker,the-crown-tundra-sword
863,51,perrserker,the-crown-tundra-shield
864,34,cursola,shield
864,50,cursola,the-isle-of-armor-shield
864,51,cursola,the-crown-tundra-shield
865,33,sirfetchd,sword
865,36,sirfetchd,the-crown-tundra-sword
865,35,sirfetchd,the-isle-of-armor-sword
866,34,mr-rime,shield
866,33,mr-rime,sword
866,36,mr-rime,the-crown-tundra-sword
866,51,mr-rime,the-crown-tundra-shield
867,34,runerigus,shield
867,33,runerigus,sword
868,34,milcery,shield
868,33,milcery,sword
869,34,alcremie,shield
869,33,alcremie,sword
869,36,alcremie,the-crown-tundra-sword
869,51,alcremie,the-crown-tundra-shield
870,34,falinks,shield
870,33,falinks,sword
870,50,falinks,the-isle-of-armor-shield
870,35,falinks,the-isle-of-armor-sword
870,36,falinks,the-crown-tundra-sword
870,51,falinks,the-crown-tundra-shield
871,34,pincurchin,shield
871,33,pincurchin,sword
871,50,pincurchin,the-isle-of-armor-shield
871,35,pincurchin,the-isle-of-armor-sword
871,36,pincurchin,the-crown-tundra-sword
871,51,pincurchin,the-crown-tundra-shield
872,34,snom,shield
872,33,snom,sword
872,36,snom,the-crown-tundra-sword
872,51,snom,the-crown-tundra-shield
873,34,frosmoth,shield
873,33,frosmoth,sword
873,36,frosmoth,the-crown-tundra-sword
873,51,frosmoth,the-crown-tundra-shield
874,33,stonjourner,sword
874,36,stonjourner,the-crown-tundra-sword
875,34,eiscue-ice,shield
875,51,eiscue-ice,the-crown-tundra-shield
876,33,indeedee-male,sword
876,36,indeedee-male,the-crown-tundra-sword
876,35,indeedee-male,the-isle-of-armor-sword
876,51,indeedee-male,the-crown-tundra-shield
877,34,morpeko-full-belly,shield
877,33,morpeko-full-belly,sword
877,50,morpeko-full-belly,the-isle-of-armor-shield
877,35,morpeko-full-belly,the-isle-of-armor-sword
877,36,morpeko-full-belly,the-crown-tundra-sword
877,51,morpeko-full-belly,the-crown-tundra-shield
878,34,cufant,shield
878,33,cufant,sword
878,36,cufant,the-crown-tundra-sword
878,51,cufant,the-crown-tundra-shield
879,34,copperajah,shield
879,33,copperajah,sword
879,36,copperajah,the-crown-tundra-sword
879,51,copperajah,the-crown-tundra-shield
880,34,dracozolt,shield
880,33,dracozolt,sword
880,36,dracozolt,the-crown-tundra-sword
880,51,dracozolt,the-crown-tundra-shield
881,34,arctozolt,shield
881,33,arctozolt,sword
881,36,arctozolt,the-crown-tundra-sword
881,51,arctozolt,the-crown-tundra-shield
882,34,dracovish,shield
882,33,dracovish,sword
882,36,dracovish,the-crown-tundra-sword
882,51,dracovish,the-crown-tundra-shield
883,34,arctovish,shield
883,33,arctovish,sword
883,36,arctovish,the-crown-tundra-sword
883,51,arctovish,the-crown-tundra-shield
884,34,duraludon,shield
884,33,duraludon,sword
884,36,duraludon,the-crown-tundra-sword
884,51,duraludon,the-crown-tundra-shield
885,34,dreepy,shield
885,33,dreepy,sword
885,36,dreepy,the-crown-tundra-sword
885,51,dreepy,the-crown-tundra-shield
886,34,drakloak,shield
886,33,drakloak,sword
886,36,drakloak,the-crown-tundra-sword
886,51,drakloak,the-crown-tundra-shield
887,34,dragapult,shield
887,33,dragapult,sword
887,36,dragapult,the-crown-tundra-sword
887,51,dragapult,the-crown-tundra-shield
888,33,zacian,sword
889,34,zamazenta,shield
890,34,eternatus,shield
890,33,eternatus,sword
891,50,kubfu,the-isle-of-armor-shield
891,35,kubfu,the-isle-of-armor-sword
894,36,regieleki,the-crown-tundra-sword
894,51,regieleki,the-crown-tundra-shield
895,36,regidrago,the-crown-tundra-sword
895,51,regidrago,the-crown-tundra-shield
896,36,glastrier,the-crown-tundra-sword
896,51,glastrier,the-crown-tundra-shield
897,36,spectrier,the-crown-tundra-sword
897,51,spectrier,the-crown-tundra-shield
898,36,calyrex,the-crown-tundra-sword
898,51,calyrex,the-crown-tundra-shield
10008,34,rotom-heat,shield
10008,33,rotom-heat,sword
10008,50,rotom-heat,the-isle-of-armor-shield
10008,35,rotom-heat,the-isle-of-armor-sword
10009,34,rotom-wash,shield
10009,33,rotom-wash,sword
10009,50,rotom-wash,the-isle-of-armor-shield
10009,35,rotom-wash,the-isle-of-armor-sword
10010,34,rotom-frost,shield
10010,33,rotom-frost,sword
10010,50,rotom-frost,the-isle-of-armor-shield
10010,35,rotom-frost,the-isle-of-armor-sword
10011,34,rotom-fan,shield
10011,33,rotom-fan,sword
10011,50,rotom-fan,the-isle-of-armor-shield
10011,35,rotom-fan,the-isle-of-armor-sword
10012,34,rotom-mow,shield
10012,33,rotom-mow,sword
10012,50,rotom-mow,the-isle-of-armor-shield
10012,35,rotom-mow,the-isle-of-armor-sword
10016,23,basculin-blue-striped,x
10016,34,basculin-blue-striped,shield
10016,50,basculin-blue-striped,the-isle-of-armor-shield
10016,18,basculin-blue-striped,white
10016,36,basculin-blue-striped,the-crown-tundra-sword
10016,51,basculin-blue-striped,the-crown-tundra-shield
10016,24,basculin-blue-striped,y
10016,21,basculin-blue-striped,black-2
10016,22,basculin-blue-striped,white-2
10016,17,basculin-blue-striped,black
10024,36,keldeo-resolute,the-crown-tundra-sword
10024,51,keldeo-resolute,the-crown-tundra-shield
10025,34,meowstic-female,shield
10025,50,meowstic-female,the-isle-of-armor-shield
10027,34,pumpkaboo-small,shield
10027,23,pumpkaboo-small,x
10027,24,pumpkaboo-small,y
10027,33,pumpkaboo-small,sword
10028,34,pumpkaboo-large,shield
10028,23,pumpkaboo-large,x
10028,24,pumpkaboo-large,y
10028,33,pumpkaboo-large,sword
10029,34,pumpkaboo-super,shield
10029,23,pumpkaboo-super,x
10029,24,pumpkaboo-super,y
10029,33,pumpkaboo-super,sword
10030,36,gourgeist-small,the-crown-tundra-sword
10030,50,gourgeist-small,the-isle-of-armor-shield
10030,35,gourgeist-small,the-isle-of-armor-sword
10030,51,gourgeist-small,the-crown-tundra-shield
10031,36,gourgeist-large,the-crown-tundra-sword
10031,50,gourgeist-large,the-isle-of-armor-shield
10031,35,gourgeist-large,the-isle-of-armor-sword
10031,51,gourgeist-large,the-crown-tundra-shield
10032,36,gourgeist-super,the-crown-tundra-sword
10032,50,gourgeist-super,the-isle-of-armor-shield
10032,35,gourgeist-super,the-isle-of-armor-sword
10032,51,gourgeist-super,the-crown-tundra-shield
10091,31,rattata-alola,lets-go-pikachu
10091,27,rattata-alola,sun
10091,32,rattata-alola,lets-go-eevee
10091,28,rattata-alola,moon
10091,30,rattata-alola,ultra-moon
10091,29,rattata-alola,ultra-sun
10092,27,raticate-alola,sun
10092,29,raticate-alola,ultra-sun
10092,30,raticate-alola,ultra-moon
10092,28,raticate-alola,moon
10100,31,raichu-alola,lets-go-pikachu
10100,32,raichu-alola,lets-go-eevee
10100,50,raichu-alola,the-isle-of-armor-shield
10100,35,raichu-alola,the-isle-of-armor-sword
10100,36,raichu-alola,the-crown-tundra-sword
10100,51,raichu-alola,the-crown-tundra-shield
10101,31,sandshrew-alola,lets-go-pikachu
10101,50,sandshrew-alola,the-isle-of-armor-shield
10101,35,sandshrew-alola,the-isle-of-armor-sword
10101,28,sandshrew-alola,moon
10101,30,sandshrew-alola,ultra-moon
10102,36,sandslash-alola,the-crown-tundra-sword
10102,51,sandslash-alola,the-crown-tundra-shield
10103,27,vulpix-alola,sun
10103,32,vulpix-alola,lets-go-eevee
10103,50,vulpix-alola,the-isle-of-armor-shield
10103,35,vulpix-alola,the-isle-of-armor-sword
10103,29,vulpix-alola,ultra-sun
10105,31,diglett-alola,lets-go-pikachu
10105,27,diglett-alola,sun
10105,32,diglett-alola,lets-go-eevee
10105,50,diglett-alola,the-isle-of-armor-shield
10105,35,diglett-alola,the-isle-of-armor-sword
10105,28,diglett-alola,moon
10105,30,diglett-alola,ultra-moon
10105,29,diglett-alola,ultra-sun
10106,27,dugtrio-alola,sun
10106,29,dugtrio-alola,ultra-sun
10106,28,dugtrio-alola,moon
10106,30,dugtrio-alola,ultra-moon
10106,36,dugtrio-alola,the-crown-tundra-sword
10106,51,dugtrio-alola,the-crown-tundra-shield
10107,27,meowth-alola,sun
10107,32,meowth-alola,lets-go-eevee
10107,50,meowth-alola,the-isle-of-armor-shield
10107,35,meowth-alola,the-isle-of-armor-sword
10107,28,meowth-alola,moon
10107,30,meowth-alola,ultra-moon
10107,29,meowth-alola,ultra-sun
10108,36,persian-alola,the-crown-tundra-sword
10108,30,persian-alola,ultra-moon
10108,29,persian-alola,ultra-sun
10108,51,persian-alola,the-crown-tundra-shield
10109,31,geodude-alola,lets-go-pikachu
10109,27,geodude-alola,sun
10109,32,geodude-alola,lets-go-eevee
10109,28,geodude-alola,moon
10110,27,graveler-alola,sun
10110,29,graveler-alola,ultra-sun
10110,30,graveler-alola,ultra-moon
10110,28,graveler-alola,moon
10112,31,grimer-alola,lets-go-pikachu
10112,27,grimer-alola,sun
10112,28,grimer-alola,moon
10112,30,grimer-alola,ultra-moon
10112,29,grimer-alola,ultra-sun
10114,31,exeggutor-alola,lets-go-pikachu
10114,27,exeggutor-alola,sun
10114,32,exeggutor-alola,lets-go-eevee
10114,50,exeggutor-alola,the-isle-of-armor-shield
10114,35,exeggutor-alola,the-isle-of-armor-sword
10114,28,exeggutor-alola,moon
10114,30,exeggutor-alola,ultra-moon
10114,29,exeggutor-alola,ultra-sun
10115,31,marowak-alola,lets-go-pikachu
10115,32,marowak-alola,lets-go-eevee
10115,50,marowak-alola,the-isle-of-armor-shield
10115,35,marowak-alola,the-isle-of-armor-sword
10115,36,marowak-alola,the-crown-tundra-sword
10115,51,marowak-alola,the-crown-tundra-shield
10119,36,zygarde-50-power-construct,the-crown-tundra-sword
10119,51,zygarde-50-power-construct,the-crown-tundra-shield
10123,27,oricorio-pom-pom,sun
10123,29,oricorio-pom-pom,ultra-sun
10123,30,oricorio-pom-pom,ultra-moon
10123,28,oricorio-pom-pom,moon
10124,27,oricorio-pau,sun
10124,29,oricorio-pau,ultra-sun
10124,30,oricorio-pau,ultra-moon
10124,28,oricorio-pau,moon
10125,27,oricorio-sensu,sun
10125,29,oricorio-sensu,ultra-sun
10125,30,oricorio-sensu,ultra-moon
10125,28,oricorio-sensu,moon
10126,27,lycanroc-midnight,sun
10126,50,lycanroc-midnight,the-isle-of-armor-shield
10126,29,lycanroc-midnight,ultra-sun
10126,35,lycanroc-midnight,the-isle-of-armor-sword
10126,28,lycanroc-midnight,moon
10126,30,lycanroc-midnight,ultra-moon
10126,36,lycanroc-midnight,the-crown-tundra-sword
10126,51,lycanroc-midnight,the-crown-tundra-shield
10151,50,rockruff-own-tempo,the-isle-of-armor-shield
10151,35,rockruff-own-tempo,the-isle-of-armor-sword
10152,50,lycanroc-dusk,the-isle-of-armor-shield
10152,35,lycanroc-dusk,the-isle-of-armor-sword
10161,34,meowth-galar,shield
10161,33,meowth-galar,sword
10161,50,meowth-galar,the-isle-of-armor-shield
10161,35,meowth-galar,the-isle-of-armor-sword
10161,36,meowth-galar,the-crown-tundra-sword
10161,51,meowth-galar,the-crown-tundra-shield
10162,34,ponyta-galar,shield
10162,51,ponyta-galar,the-crown-tundra-shield
10163,34,rapidash-galar,shield
10163,51,rapidash-galar,the-crown-tundra-shield
10164,34,slowpoke-galar,shield
10164,33,slowpoke-galar,sword
10164,50,slowpoke-galar,the-isle-of-armor-shield
10164,35,slowpoke-galar,the-isle-of-armor-sword
10164,36,slowpoke-galar,the-crown-tundra-sword
10164,51,slowpoke-galar,the-crown-tundra-shield
10166,33,farfetchd-galar,sword
10166,36,farfetchd-galar,the-crown-tundra-sword
10167,34,weezing-galar,shield
10167,33,weezing-galar,sword
10167,50,weezing-galar,the-isle-of-armor-shield
10167,35,weezing-galar,the-isle-of-armor-sword
10167,36,weezing-galar,the-crown-tundra-sword
10167,51,weezing-galar,the-crown-tundra-shield
10168,34,mr-mime-galar,shield
10168,33,mr-mime-galar,sword
10168,36,mr-mime-galar,the-crown-tundra-sword
10168,51,mr-mime-galar,the-crown-tundra-shield
10169,36,articuno-galar,the-crown-tundra-sword
10169,51,articuno-galar,the-crown-tundra-shield
10170,36,zapdos-galar,the-crown-tundra-sword
10170,51,zapdos-galar,the-crown-tundra-shield
10171,36,moltres-galar,the-crown-tundra-sword
10171,51,moltres-galar,the-crown-tundra-shield
10173,34,corsola-galar,shield
10173,51,corsola-galar,the-crown-tundra-shield
10174,34,zigzagoon-galar,shield
10174,33,zigzagoon-galar,sword
10175,34,linoone-galar,shield
10175,33,linoone-galar,sword
10175,36,linoone-galar,the-crown-tundra-sword
10175,51,linoone-galar,the-crown-tundra-shield
10176,33,darumaka-galar,sword
10176,36,darumaka-galar,the-crown-tundra-sword
10177,33,darmanitan-galar-standard,sword
10177,36,darmanitan-galar-standard,the-crown-tundra-sword
10179,34,yamask-galar,shield
10179,33,yamask-galar,sword
10180,34,stunfisk-galar,shield
10180,33,stunfisk-galar,sword
10180,36,stunfisk-galar,the-crown-tundra-sword
10180,51,stunfisk-galar,the-crown-tundra-shield
10181,27,zygarde-10,sun
10181,29,zygarde-10,ultra-sun
10181,30,zygarde-10,ultra-moon
10181,28,zygarde-10,moon
10184,36,toxtricity-low-key,the-crown-tundra-sword
10184,51,toxtricity-low-key,the-crown-tundra-shield
10186,34,indeedee-female,shield
10186,36,indeedee-female,the-crown-tundra-sword
10186,50,indeedee-female,the-isle-of-armor-shield
10186,51,indeedee-female,the-crown-tundra-shield
10195,50,venusaur-gmax,the-isle-of-armor-shield
10195,35,venusaur-gmax,the-isle-of-armor-sword
10196,34,charizard-gmax,shield
10196,33,charizard-gmax,sword
10197,50,blastoise-gmax,the-isle-of-armor-shield
10197,35,blastoise-gmax,the-isle-of-armor-sword
10198,34,butterfree-gmax,shield
10198,33,butterfree-gmax,sword
10198,36,butterfree-gmax,the-crown-tundra-sword
10198,51,butterfree-gmax,the-crown-tundra-shield
10201,34,machamp-gmax,shield
10201,33,machamp-gmax,sword
10201,36,machamp-gmax,the-crown-tundra-sword
10202,34,gengar-gmax,shield
10202,33,gengar-gmax,sword
10202,51,gengar-gmax,the-crown-tundra-shield
10203,34,kingler-gmax,shield
10203,33,kingler-gmax,sword
10203,50,kingler-gmax,the-isle-of-armor-shield
10203,35,kingler-gmax,the-isle-of-armor-sword
10203,36,kingler-gmax,the-crown-tundra-sword
10203,51,kingler-gmax,the-crown-tundra-shield
10204,34,lapras-gmax,shield
10204,33,lapras-gmax,sword
10204,51,lapras-gmax,the-crown-tundra-shield
10206,34,snorlax-gmax,shield
10206,33,snorlax-gmax,sword
10206,36,snorlax-gmax,the-crown-tundra-sword
10206,51,snorlax-gmax,the-crown-tundra-shield
10207,34,garbodor-gmax,shield
10207,33,garbodor-gmax,sword
10207,36,garbodor-gmax,the-crown-tundra-sword
10207,51,garbodor-gmax,the-crown-tundra-shield
10212,34,corviknight-gmax,shield
10212,33,corviknight-gmax,sword
10212,36,corviknight-gmax,the-crown-tundra-sword
10212,51,corviknight-gmax,the-crown-tundra-shield
10213,34,orbeetle-gmax,shield
10213,33,orbeetle-gmax,sword
10213,50,orbeetle-gmax,the-isle-of-armor-shield
10213,35,orbeetle-gmax,the-isle-of-armor-sword
10214,34,drednaw-gmax,shield
10214,33,drednaw-gmax,sword
10214,50,drednaw-gmax,the-isle-of-armor-shield
10214,35,drednaw-gmax,the-isle-of-armor-sword
10215,34,coalossal-gmax,shield
10215,33,coalossal-gmax,sword
10215,36,coalossal-gmax,the-crown-tundra-sword
10215,51,coalossal-gmax,the-crown-tundra-shield
10216,34,flapple-gmax,shield
10216,33,flapple-gmax,sword
10216,35,flapple-gmax,the-isle-of-armor-sword
10217,34,appletun-gmax,shield
10217,33,appletun-gmax,sword
10217,50,appletun-gmax,the-isle-of-armor-shield
10218,34,sandaconda-gmax,shield
10218,33,sandaconda-gmax,sword
10219,34,toxtricity-amped-gmax,shield
10219,33,toxtricity-amped-gmax,sword
10219,36,toxtricity-amped-gmax,the-crown-tundra-sword
10220,34,centiskorch-gmax,shield
10220,33,centiskorch-gmax,sword
10220,36,centiskorch-gmax,the-crown-tundra-sword
10220,51,centiskorch-gmax,the-crown-tundra-shield
10221,34,hatterene-gmax,shield
10221,33,hatterene-gmax,sword
10221,36,hatterene-gmax,the-crown-tundra-sword
10221,51,hatterene-gmax,the-crown-tundra-shield
10222,34,grimmsnarl-gmax,shield
10222,33,grimmsnarl-gmax,sword
10222,36,grimmsnarl-gmax,the-crown-tundra-sword
10222,51,grimmsnarl-gmax,the-crown-tundra-shield
10223,34,alcremie-gmax,shield
10223,33,alcremie-gmax,sword
10223,36,alcremie-gmax,the-crown-tundra-sword
10223,51,alcremie-gmax,the-crown-tundra-shield
10224,34,copperajah-gmax,shield
10224,33,copperajah-gmax,sword
10224,36,copperajah-gmax,the-crown-tundra-sword
10224,51,copperajah-gmax,the-crown-tundra-shield
10225,34,duraludon-gmax,shield
10225,33,duraludon-gmax,sword
10225,36,duraludon-gmax,the-crown-tundra-sword
10225,51,duraludon-gmax,the-crown-tundra-shield
10228,34,toxtricity-low-key-gmax,shield
10228,33,toxtricity-low-key-gmax,sword
10228,51,toxtricity-low-key-gmax,the-crown-tundra-shield
